ID,pred_summary,true_summary,bertscore_F1
6,"Risk summary for {'Tata'}

Environmental:
Tata faces risks related to environmental degradation, specifically concerning potential harm to endangered species and ecosystems. Increased industrial activity could lead to scrutiny from environmental groups, resulting in regulatory challenges and possible project delays as measures are taken to protect vulnerable wildlife.

Geopolitical:
The company is exposed to risks from government business policy, particularly regulatory scrutiny and potential changes in policy regarding environmental compliance. Disagreements among government bodies about compliance may lead to shifts in enforcement that could adversely affect project timelines and associated costs.

Governance:
Allegations of regulatory non-compliance present significant governance risks for Tata. Reports of violations of the Forest Conservation Act could result in legal challenges, financial penalties, or operational disruptions, thereby impacting both the company's operations and its reputation.

Social:
Tata is at risk from negative brand perception due to activism from organizations like Greenpeace, which campaigns against the company's projects. Such public opposition can damage the company's image and increase pressure from stakeholders to address the environmental issues raised.

Overall assessment:
Tata's risk landscape is characterized by environmental, geopolitical, governance, and social challenges. The interplay of regulatory scrutiny, allegations of non-compliance, and public activism could significantly impact the company's operational efficiency and reputation. Proactive engagement and compliance strategies will be essential for mitigating these risks and maintaining stakeholder trust.","Risk summary for {'Tata'}

Environmental:
Tata faces risks related to climate change, specifically concerning the physical impacts on sensitive ecosystems, such as the Olive Ridley turtle nesting habitat. While the company received legal clearance, ongoing environmental pressures from NGOs could pose reputational and operational risks.

Geopolitical:
The company is exposed to risks from potential changes in government policies, particularly regarding environmental regulations. Activism from groups like Greenpeace highlights concerns over selective enforcement of environmental laws that may favor Tata, suggesting that shifts in government stance could disrupt operations.

Governance:
Tata is currently involved in litigation related to trademark violations, which could lead to financial liabilities and distract from core business activities. Additionally, ongoing legal scrutiny concerning environmental practices could result in further regulatory challenges and impact the company’s strategic direction.

Social:
Tata's brand perception is at risk due to negative media coverage and public sentiment surrounding its environmental practices. Accusations of preferential treatment by the government could damage the company's reputation, leading to potential backlash from stakeholders and consumers.

Overall assessment:
Tata is navigating a complex risk landscape characterized by environmental sensitivities, potential geopolitical shifts, and governance challenges. The interplay between regulatory scrutiny and public perception poses significant risks to the company's operations and reputation. Proactive management of these risks is essential to safeguard Tata's market position and ensure sustainable business practices.",0.9253107309341431
7,"Risk summary for {'Tata'}

Environmental:
No environmental risks were identified in the provided annotations.

Geopolitical:
No geopolitical risks were identified in the provided annotations.

Governance:
The governance risks primarily involve management performance and strategic performance. Key concerns include the impending leadership transition as Ratan Tata seeks a successor, which introduces uncertainties in strategic direction and operational continuity. Additionally, the potential challenges of cultural integration with an outsider candidate could impact operational effectiveness. Furthermore, the succession planning process is critical to ensure alignment with the company's long-term goals and values.

Social:
Social risks are centered around brand perception and public expectations. The selection of a successor has significant implications for public confidence and stakeholder trust, particularly given the strong signals sent by recent appointments within the company. The perception of the chosen leader can influence the company's reputation and stakeholder relationships.

Overall assessment:
Tata faces notable governance risks linked to the upcoming leadership transition, which could affect strategic continuity and operational cohesion. The challenges of cultural integration with a potential outsider candidate further complicate this transition. Additionally, public and stakeholder expectations regarding the successor's appointment underscore the importance of maintaining brand perception during this pivotal moment. Collectively, these factors highlight the need for careful management of the succession process to safeguard the company's reputation and strategic integrity.","Risk summary for {'Tata'}

Environmental:
No specific environmental risks were identified in the provided annotations.

Geopolitical:
No geopolitical risks were noted in the provided annotations.

Governance:
The governance risks identified include strategic performance challenges related to leadership succession. The transition from Ratan Tata to his successor poses a significant risk, as it may influence the company's strategic direction and overall governance. Effective succession planning is crucial for maintaining stability and continuity within such a large organization.

Social:
Social risks focus on brand perception, particularly concerning the leadership change at Tata Group. The manner in which the transition is managed can significantly impact the company's reputation. If stakeholders perceive the succession process as mishandled or contentious, it could lead to negative public sentiment and affect customer loyalty.

Overall assessment:
Tata Group faces notable risks primarily in governance and social dimensions, particularly surrounding leadership succession. The successful management of this transition is critical, as it not only affects internal strategic direction but also influences external brand perception. A poorly executed succession could jeopardize the company’s reputation and stakeholder confidence, which underscores the importance of a well-planned leadership transition strategy.",0.9237199425697327
12,"Risk summary for {'Posco'}

Environmental:
POSCO faces transition risks due to South Korea's commitment to significant emissions reductions. The shift towards lower-carbon operations necessitates substantial changes in production processes, which could have financial implications for the company. Compliance with these new environmental regulations will be critical as the company navigates the transition to sustainable practices.

Geopolitical:
The introduction of a carbon trading scheme in South Korea presents regulatory compliance risks for POSCO. As a major emitter responsible for a significant portion of the country's carbon emissions, the company must adhere to new regulations, which may lead to increased operational costs and necessitate investments in emissions reduction technologies. Failure to comply could result in legal and financial repercussions.

Financial:
The implementation of the carbon trading scheme may lead to increased operational costs for POSCO. The need to purchase emissions allowances or invest in technologies to reduce emissions could impact the company's financial performance. This economic variable poses a risk to the company's market position and overall profitability.

Overall assessment:
POSCO is exposed to a complex interplay of environmental, geopolitical, and financial risks stemming from South Korea's aggressive emissions reduction targets. Transitioning to lower-carbon operations will require significant investments and adaptations to comply with new regulations, which could strain financial resources. As these challenges unfold, effective risk management strategies will be essential for maintaining operational stability and safeguarding the company's market position.","Risk summary for {'Posco'}

Environmental:
No specific environmental risks were identified in the provided comment.

Geopolitical:
The primary risk identified is related to emerging regulations, particularly concerning government business policy. The South Korean government's introduction of a cap-and-trade carbon emissions scheme poses risks for POSCO as it will require compliance from major industrial emitters. This regulatory shift creates uncertainty regarding operational adjustments and may increase compliance costs, potentially impacting the company's financial performance.

Governance:
No specific governance risks were identified in the provided comment.

Social:
No specific social risks were identified in the provided comment.

Overall assessment:
Posco faces significant geopolitical risks, particularly from emerging regulations aimed at reducing carbon emissions. The South Korean government's cap-and-trade scheme will necessitate compliance from major emitters, which could lead to increased operational costs and necessitate adjustments in business operations. While no environmental, governance, or social risks were mentioned, the regulatory landscape poses a critical challenge that could influence Posco's market position and financial stability. Continuous monitoring of these regulatory developments will be essential for effective risk management.",0.899244487285614
14,"Risk summary for {'Posco'}

Environmental:
No specific environmental risks were identified in the provided comments.

Geopolitical:
The company faces significant regulatory and operational challenges in India, particularly regarding land acquisition for its Orissa plant, which has been stalled for four years. Additionally, bureaucratic hurdles and policy issues in the region could hinder POSCO's strategic initiatives and overall operational efficiency.

Governance:
POSCO is experiencing delays in project execution, as evidenced by the slow progress of its Orissa venture. This not only reflects potential strategic and operational inefficiencies but could also adversely affect the company's financial performance and market position. The collaboration with Steel Authority of India Ltd (SAIL) for a new plant signifies a need to adapt to these challenges.

Technology:
The implementation of FINEX technology in a joint venture presents risks associated with technology integration and operational effectiveness. While this innovation has the potential to enhance production capabilities, the successful application of this technology is critical to achieving quality and cost objectives.

Overall assessment:
POSCO is navigating a complex risk landscape characterized by geopolitical challenges, particularly in regulatory compliance and project execution. Financial risks are also prominent due to substantial investments that could falter without timely returns. Moreover, the integration of new technology presents its own set of challenges, requiring careful management to ensure operational success. Addressing these risks is essential for maintaining competitive advantage and achieving strategic goals in the evolving market.","Risk summary for {'Posco'}

Environmental:
No specific environmental risks were identified in the provided comments.

Geopolitical:
The company faces risks associated with emerging regulations, particularly related to its investments in India. This can impact operational strategies and compliance requirements, potentially leading to increased costs or operational delays.

Governance:
Governance-related risks are prominent, particularly in the context of strategic performance. Posco's significant financial commitment to a joint venture, where it is expected to hold a 60% stake, poses risks of poor investment outcomes. Such substantial investments can strain financial resources and affect overall company performance if the venture does not yield expected returns.

Social:
No specific social risks were identified in the provided comments.

Overall assessment:
Posco is navigating a complex risk landscape characterized primarily by geopolitical and governance challenges. Emerging regulations in India could complicate operational execution, while the company's heavy investment in a joint venture raises concerns about potential financial returns and strategic alignment. These factors necessitate careful monitoring and proactive management to mitigate risks that could impact financial performance and market position.",0.9071776270866394
15,"Risk summary for {'Posco'}

Environmental:  
The primary risk in this category is related to environmental compliance, particularly concerning a significant steel mill project in India. Delays in obtaining necessary environmental clearances can jeopardize project timelines and financial forecasts, as any non-compliance could lead to further setbacks or even project cancellation.

Geopolitical:  
Geopolitical risks include political influence and regulatory challenges. The project is under scrutiny from the Indian government, with potential political motivations affecting decision-making processes. Additionally, tightening environmental regulations increase the risk of non-compliance and subsequent delays, complicating POSCO's ability to navigate the local business environment effectively.

Governance:  
Governance risks stem from ongoing legal disputes, particularly a court case challenging a mining concession granted to POSCO. This litigation could prolong project timelines and escalate legal costs, thereby impacting the company's operational efficiency and financial performance.

Social:  
Social risks are characterized by community opposition, particularly from local residents concerned about the impact of the steel mill on their agricultural and forest-based livelihoods. This opposition can result in project delays, increased costs, and damage to the company's reputation, complicating stakeholder relations.

Overall assessment:  
POSCO faces a complex landscape of risks that intertwine environmental compliance, geopolitical influences, legal challenges, and social opposition. The interplay of these factors could significantly affect the company's project timelines and financial viability in India. Proactive management of these risks is essential to mitigate potential disruptions and maintain positive stakeholder relationships.","Risk summary for {'Posco'}

Environmental:  
Posco faces risks associated with emerging environmental regulations as it enters the Indian market. The tightening of environmental rules by the Indian government may lead to compliance challenges, impacting operational timelines and project feasibility.

Geopolitical:  
The company is currently confronting significant governance risks, particularly from lawsuits and regulatory challenges. A court case contesting the mining concession granted to Posco by the Orissa state government poses a threat to its operational rights, potentially resulting in delays or invalidation of critical permits necessary for production.

Governance:  
Governance-related risks are prominent, highlighted by litigation concerning mining concessions and process risks linked to project execution. Legal disputes could lead to delays in production and additional costs, complicating the operational landscape for Posco. Furthermore, ongoing regulatory hurdles may hinder project completion and execution.

Social:  
Posco's brand perception is at risk due to negative media coverage stemming from local protests against its operations in Orissa. Concerns over environmental impacts and community displacement could tarnish the company's reputation, leading to public relations challenges that may affect stakeholder trust and market position.

Overall assessment:  
Posco is navigating a complex risk environment characterized by regulatory scrutiny, legal disputes, and social opposition. The convergence of these risks poses significant challenges to its operational timelines and market reputation. Addressing these risks proactively will be crucial for maintaining operational integrity and stakeholder confidence as the company seeks to expand its presence in India.",0.9173331260681152
17,"Risk summary for {'Posco'}

Environmental:  
No environmental risks were noted in the provided comments.

Geopolitical:  
The primary risk identified is related to regulatory and political challenges. Protests against land acquisition for Posco's steel plant highlight the difficulties in securing necessary approvals and maintaining positive community relations, which could lead to project delays or even halts.

Governance:  
Operational delays and legal challenges are significant risks due to the protests and police actions that arose in response. These events could disrupt project timelines and escalate costs, as legal disputes may emerge from the confrontations, affecting overall operational efficiency.

Social:  
The protests also pose a risk to Posco's brand perception and community relations. The backlash against the company's industrialization efforts could tarnish its reputation and undermine its social license to operate, which is crucial for long-term sustainability in the region.

Overall assessment:  
Posco faces multifaceted risks primarily stemming from geopolitical and governance challenges, particularly related to regulatory compliance and operational disruptions. The ongoing protests not only threaten project timelines but also risk damaging the company's public image and community relations. Addressing these issues proactively is essential for maintaining operational stability and ensuring the support of local stakeholders.","Risk summary for {'Posco'}

Environmental:
No specific environmental risks were identified in the provided annotations.

Geopolitical:
The geopolitical risks facing POSCO include potential ideological shifts in government policy that could impact project approvals and regulatory frameworks. Additionally, the requirement for environmental clearances amidst a politically volatile environment poses risks of non-compliance and project delays. Political violence and civil unrest related to land acquisition further complicate operations, leading to increased costs and reputational damage.

Governance:
Governance risks are highlighted by ongoing litigation and legal challenges, particularly concerning land acquisition practices. The involvement of the Supreme Court indicates significant regulatory scrutiny, which heightens both compliance and reputational risks. Furthermore, operational risks associated with land acquisition processes can disrupt critical resource supply, affecting project feasibility.

Social:
Social risks primarily revolve around brand perception, particularly in relation to human rights and ethical issues. The heavy-handed response of authorities to protests against land acquisition can lead to reputational damage for POSCO, especially among stakeholders concerned with environmental, social, and governance (ESG) criteria.

Overall assessment:
POSCO faces a multifaceted risk landscape characterized by geopolitical instability, governance challenges, and social pressures. The potential for ideological shifts in government policy, coupled with legal scrutiny and civil unrest, poses significant threats to project timelines and operational integrity. Moreover, the company must navigate the complexities of public perception regarding human rights and ethical practices, which can impact its international standing and stakeholder relationships. Effective risk management strategies will be essential to mitigate these challenges and ensure sustainable operations.",0.8966385126113892
21,"Risk summary for {'Posco'}

Environmental: 
The primary risk identified is related to natural resource deficiency, specifically concerning the strain on water resources. The allocation of significant water from the Mahanadi river for industrial use, including Posco's operations, may threaten local agricultural needs and community water supplies. This strain could lead to operational challenges and increased costs for the company.

Geopolitical: 
Risks in this category arise from potential changes in government policies, particularly regarding water allocation. The decision to divert water to Posco's steel plant has the potential to create conflicts with local communities and activists, which could disrupt operations and negatively impact the company's public relations.

Social: 
Brand perception risks are highlighted through public opposition and protests against the water diversion for industrial use. Demonstrations organized by local activist groups could damage Posco's reputation and increase scrutiny from both the public and environmental organizations, complicating community relations.

Overall assessment: 
Posco faces a multifaceted risk landscape characterized by environmental, geopolitical, and social challenges. The strain on water resources poses operational risks, while potential policy changes regarding water allocation could lead to conflicts with local stakeholders. Additionally, growing public opposition may harm the company's reputation, necessitating proactive engagement strategies to mitigate these risks and maintain operational stability.","Risk summary for {'Posco'}

Environmental:
No specific environmental risks were identified in the provided comments, but the potential impact of environmental policies and opposition to water allocation could pose future challenges to operational sustainability.

Geopolitical:
The geopolitical landscape presents multiple risks for Posco, including potential changes in government that may affect environmental policies and regulatory frameworks. The ongoing scrutiny regarding the allocation of river water for industrial use indicates that emerging regulations could impose restrictions on operations. Additionally, social unrest surrounding water diversion for industrial purposes poses risks to the company’s reputation and operational stability.

Governance:
Governance-related risks are evident in Posco's reliance on diverted river water, which may lead to process vulnerabilities. The dependence on this critical resource amidst competing demands raises concerns about operational continuity and compliance with future regulatory changes.

Overall assessment:
Posco faces significant risks across geopolitical and governance dimensions, primarily related to water resource allocation and the potential for regulatory changes. The opposition from local groups and the scrutiny over water diversion highlight the need for proactive engagement with stakeholders to mitigate reputational and operational risks. As the political landscape evolves, these factors could profoundly impact Posco's operational viability and strategic planning.",0.9022825360298157
22,"Risk summary for Posco

Environmental:
No specific environmental risks were identified in the provided comments. However, the company's involvement in renewable energy materials may expose it to future environmental considerations related to sustainability and resource management.

Geopolitical:
No geopolitical risks were noted in the annotations, indicating that current political or regulatory environments are not impacting Posco's operations at this time.

Governance:
Two primary governance risks emerge. First, there is a risk related to management performance, particularly in decision-making during the acquisition process of Elkem. Any missteps could lead to operational inefficiencies. Second, there is a strategic performance risk, as diversifying into non-steel businesses may not resonate with shareholder expectations, potentially distracting from Posco's core steel operations.

Social:
No specific social risks were highlighted in the comments, suggesting that current workforce and public perception issues are not immediate concerns for Posco.

Overall assessment:
Posco faces significant financial risks associated with its potential acquisition of Elkem, including the financial strain and uncertainty surrounding market conditions and valuations. Governance risks related to management decision-making and strategic alignment with shareholder interests add another layer of complexity. While there are no immediate environmental, geopolitical, or social risks identified, the company's strategic direction and acquisition endeavors require careful management to ensure long-term stability and shareholder confidence.","Risk summary for {'Posco'}

Environmental:
No specific environmental risks were identified in the provided comments.

Geopolitical:
The company faces risks from emerging regulations as it considers a takeover of Elkem, which operates in the solar panel sector. Entering the EU market will expose POSCO to stringent environmental and trade regulations, particularly pertinent to the green energy industry, potentially complicating its expansion plans.

Governance:
POSCO is experiencing strategic risks associated with its evolving business model, as it seeks growth beyond its traditional steel operations. This shift may lead to challenges in execution and integration, especially if the company lacks the necessary expertise or synergies in its new ventures.

Financial:
There are significant financial risks tied to investor sentiment and strategic performance. Shareholders are concerned about the alignment of POSCO's focus, particularly regarding the acquisition of Elkem, which may not yield the expected synergies. Additionally, the potential for poor investment outcomes in mergers and acquisitions raises concerns about the company's financial health and reputation.

Overall assessment:
POSCO is navigating a complex risk landscape characterized by strategic shifts and financial uncertainties. The company's attempts to diversify beyond steel into sectors like green energy introduce regulatory challenges and require careful management of investor expectations. The risks associated with acquisitions and potential misalignment with core operations could pose significant threats to its overall performance and market perception. Proper risk management strategies will be essential to mitigate these challenges and ensure successful transitions.",0.8939843773841858
26,"Risk summary for {'Tata'}

Environmental:
No environmental risks were identified in the provided commentary.

Geopolitical:
No geopolitical risks were identified in the provided commentary.

Governance:
Tata Steel's strategy to issue perpetual bonds highlights potential governance risks related to financial management. This reliance on perpetual bonds as a financing method may affect the company's financial stability and flexibility, raising concerns about its long-term financial health and strategic decision-making.

Social:
No social risks were identified in the provided commentary.

Overall assessment:
Tata Steel faces notable financial risks primarily associated with its reliance on perpetual bonds for financing. This approach could pose challenges to the company's financial stability and operational flexibility, potentially impacting its overall market position. Without addressing these risks effectively, Tata Steel may encounter difficulties in navigating future financial uncertainties.","Risk summary for {'Tata'}

Environmental:
No environmental risks have been identified in the current news article regarding Tata Steel. The focus remains on financial performance rather than environmental impacts.

Geopolitical:
There are no geopolitical risks noted in the article. The discussion centers on Tata Steel's financial strategies rather than external political or regulatory challenges.

Governance:
The article does not highlight any governance-related risks. It emphasizes Tata Steel's successful fundraising efforts through perpetual bonds and does not indicate any management or compliance issues.

Social:
No social risks are mentioned in the news article. The content primarily addresses the company's financial achievements without reference to public perception or workforce-related challenges.

Overall assessment:
The news article presents a positive outlook for Tata Steel, focusing on their successful fundraising through perpetual bonds. There are no immediate risks identified across environmental, geopolitical, governance, or social classes, suggesting a stable operational environment for the company at this time. However, the absence of risk mentions does not negate the potential for unforeseen challenges in the future.",0.8961989879608154
28,"Risk summary for {'Tata'}

Environmental:  
Tata Steel faces pressures related to climate change, specifically the need to reduce carbon emissions. The company's commitment to invest in emission reduction is driven by new carbon tax regulations, which necessitate significant capital investments and operational adjustments to comply with environmental standards.

Geopolitical:  
While no specific geopolitical risks were identified in the comments, the implications of the carbon tax can create a challenging business environment. The additional costs imposed on UK steel producers may lead to increased scrutiny and potential regulatory challenges that could affect Tata's operations.

Governance:  
Tata Steel's strategic performance is at risk due to the financial implications of the carbon tax. The requirement to adapt investment strategies and long-term planning in response to competitive pressures may hinder the company's ability to maintain its market position and profitability.

Financial:  
The company is exposed to risks that could negatively impact its competitiveness and operational costs. The carbon tax is expected to increase production expenses, making Tata Steel's products less appealing compared to those produced in countries without similar regulations, potentially leading to diminished market share and profitability.

Overall assessment:  
Tata Steel is navigating a complex risk landscape characterized by environmental pressures from carbon regulations, financial challenges linked to increased operational costs, and governance issues related to strategic adaptability. The cumulative effect of these risks could undermine Tata's competitive position in the global steel market, necessitating proactive management and strategic foresight to mitigate potential impacts.","Risk summary for {'Tata'}

Environmental:
Tata faces risks associated with environmental regulations, particularly the introduction of a carbon tax that could significantly impact operational costs. This tax may lead to increased expenses for energy-intensive processes, such as steel production, thereby affecting profitability.

Geopolitical:
The company is exposed to risks from government business policies, specifically the new carbon tax which has been characterized as a potentially severe blow to the steel industry. Such emerging regulations can alter market dynamics and create competitive disadvantages compared to global counterparts not facing similar costs.

Governance:
Tata is at risk from process-related governance issues, particularly concerning the generation of electricity. The anticipated rise in costs due to the carbon floor price could hinder operational efficiency and escalate expenses in energy-intensive sectors, impacting overall strategic performance.

Overall assessment:
Tata is navigating a complex risk landscape characterized by environmental regulations, geopolitical pressures from government policies, and governance challenges related to operational processes. The introduction of a carbon tax poses significant financial implications, potentially diminishing the company’s competitive edge in the global steel market. As these risks converge, they could adversely affect Tata's financial performance and market position, necessitating proactive risk management strategies.",0.9111544489860535
33,"Risk summary for {'Tata'}

Environmental:
No specific environmental risks were identified in the provided annotations, indicating that Tata Steel may currently be less exposed to climate-related or natural resource challenges.

Geopolitical:
No geopolitical risks were noted in the annotations, suggesting that Tata Steel is not facing immediate threats from political instability or regulatory changes in its operational regions.

Governance:
Tata Steel faces significant governance-related risks, particularly concerning strategic performance. The ongoing debt from the Corus acquisition raises concerns about financial strain, potentially hindering investment capabilities. Furthermore, the company’s expansion efforts in India hinge on successfully securing iron ore and coal resources, with any setbacks in this area threatening production and financial stability.

Financial:
The company is grappling with financial risks, particularly within its European operations, where macroeconomic challenges lead to volatile steel volumes and increased borrowing costs. Additionally, an oversupply in the flat products market may pressure pricing and profit margins, further complicating Tata Steel's financial outlook.

Overall assessment:
Tata Steel's risk landscape is characterized by notable governance and financial challenges. The burden of debt from prior acquisitions and the necessity of securing resources for expansion projects pose significant strategic risks. Concurrently, macroeconomic instability in Europe and potential market oversupply could adversely affect financial performance, underscoring the need for careful management and strategic foresight.","Risk summary for {'Tata'}

Environmental:  
No environmental risks were identified in the provided comments.

Geopolitical:  
The primary geopolitical risk for Tata Steel stems from emerging regulations affecting its European operations. These regulations contribute to macroeconomic challenges, resulting in fluctuating steel volumes and increased borrowing costs, which can hinder operational stability and profitability.

Governance:  
Tata Steel faces governance-related risks primarily in process and strategic performance. The reliance on captive mines for iron ore and coking coal presents a process risk, as any disruption could impact production. Additionally, the company's substantial debt from the Corus acquisition raises concerns regarding mergers and acquisitions, potentially affecting investor confidence and strategic decision-making.

Social:  
No social risks were identified in the provided comments.

Overall assessment:  
Tata Steel is navigating a complex risk landscape characterized by financial pressures, particularly related to its debt and competitive market conditions. Geopolitical challenges from regulatory changes in Europe further complicate its operational environment. Governance risks associated with its acquisition strategy and reliance on specific suppliers may impact its long-term stability and investor perception. Addressing these risks is crucial for maintaining financial health and market position.",0.9095333814620972
40,"Risk summary for {'Posco'}

Environmental:  
The primary environmental risk identified is the destruction of local ecosystems, particularly the impact on agricultural resources vital for local communities. This degradation threatens POSCO's sustainability commitments and can harm relationships with the affected communities.

Geopolitical:  
Geopolitical risks include forced land acquisition, as the Odisha government seeks to acquire significant land for POSCO's steel plant project. This action may provoke local unrest and resistance, which could disrupt operations and delay project timelines.

Governance:  
Governance risks are highlighted by the expiration of the Memorandum of Understanding (MoU) between POSCO and the government, creating legal uncertainties. Operating without a valid agreement can jeopardize the project's legitimacy and lead to complications in the land acquisition process.

Social:  
Social risks stem from ongoing protests against land acquisition, which have persisted since 2005. The displacement of local populations and associated social unrest can adversely impact POSCO’s operations and public image, potentially resulting in project delays and increased costs.

Overall assessment:  
POSCO faces a multifaceted risk landscape that includes environmental degradation, geopolitical tensions from land acquisition, governance challenges related to legal compliance, and social unrest stemming from community displacement. These interconnected risks could significantly hinder the company's operational effectiveness and reputation, necessitating strategic management to mitigate potential impacts on project timelines and stakeholder relations.","Risk summary for {'Posco'}

Environmental:
No specific environmental risks were identified in the provided annotations.

Geopolitical:
The company faces risks related to emerging regulations that could impact land acquisitions. Changes in laws governing land use can create uncertainty and may hinder the company's ability to secure necessary resources for development projects, affecting operational timelines and strategic objectives.

Governance:
Process risks are significant, particularly concerning land acquisitions. Failure to secure land could lead to project delays, which would adversely affect the company’s growth prospects and operational efficiency. This risk underscores the need for effective management of land-related processes to mitigate potential disruptions.

Social:
Brand perception risks are heightened due to public protests against the company's land acquisition practices. Negative public sentiment can damage the company’s reputation, leading to potential backlash and challenges in community relations, which are crucial for sustainable operations.

Overall assessment:
Posco is navigating a complex risk landscape characterized by geopolitical, governance, and social challenges. The potential for changing regulations on land acquisitions poses significant operational risks, while governance failures in securing land could delay critical projects. Additionally, negative public perception stemming from protests threatens the company's reputation and community engagement efforts. Addressing these interconnected risks will be essential for Posco to maintain its market position and achieve its strategic objectives.",0.8984773755073547
47,"Risk summary for {'Posco'}

Environmental:
No environmental risks were identified in the provided annotations.

Geopolitical:
The geopolitical risks for Posco primarily involve regulatory and political challenges, as well as the potential for social unrest. Opposition from political parties regarding land acquisition poses significant hurdles for project development, while the risk of protests and police actions may disrupt operations and delay timelines.

Governance:
Posco faces strategic performance risks due to potential project delays stemming from political and social opposition. The commitment of various political parties to support local resistance against land acquisition could hinder the company's strategic plans for developing the steel plant.

Social:
Social risks are characterized by negative public perception and local opposition to the project. The formation of human barricades by community members demonstrates strong resistance, which could damage Posco's reputation and complicate efforts to secure community support for the project.

Overall assessment:
Posco is currently navigating a complex risk landscape dominated by geopolitical and governance challenges, particularly surrounding regulatory hurdles and local opposition to its steel project. The potential for social unrest and negative public perception further complicates the company's efforts to proceed with development. Addressing these risks will be crucial for Posco to maintain its strategic objectives and ensure successful project implementation.","Risk summary for {'Posco'}

Environmental:  
No specific environmental risks were identified in the provided annotations.

Geopolitical:  
The company faces risks related to emerging regulations in India that may hinder land acquisition for its operations. Political support for local populations opposing the land transfer poses a significant challenge, potentially delaying or complicating project execution.

Governance:  
There are process risks associated with land acquisition, as local political dynamics may impede the necessary approvals for development. The company must navigate these complexities to ensure compliance and maintain operational timelines.

Social:  
Brand perception risks are evident, particularly due to negative media coverage surrounding local resistance to the proposed plant. Community actions, including protests by nearly 2000 individuals, highlight the potential reputational damage and operational disruptions that could arise from public dissent.

Overall assessment:  
Posco is currently navigating a complex risk landscape characterized by geopolitical challenges related to regulatory changes and local opposition to land acquisition. Governance risks associated with operational processes further complicate the company's ability to implement its projects smoothly. Additionally, negative social perceptions stemming from community protests pose a threat to the company's reputation and could impact its long-term success in the region. Addressing these risks proactively will be essential for maintaining operational integrity and stakeholder trust.",0.9189063906669617
52,"Risk summary for {'Tata'}

Environmental:
No environmental risks were identified in the current analysis.

Geopolitical:
No geopolitical risks were identified in the current analysis.

Governance:
The governance risks primarily relate to strategic performance, highlighting the need for effective management of innovation initiatives. As Tata Group increases its focus on innovation, it is essential to ensure that these projects align with the company's overall strategic goals to prevent misallocation of resources and maintain organizational coherence.

Social:
No social risks were identified in the current analysis.

Technology:
The technology risks center around disruptive technology, emphasizing that Tata Group's commitment to innovation may lead to the creation of technologies that could significantly alter existing business models. This necessitates careful consideration of how to adapt current operations to integrate these innovations effectively.

Overall assessment:
Tata Group faces notable risks primarily in governance and technology. The emphasis on innovation and substantial investment in research and development could strain financial resources if expected returns are not realized. Additionally, the rapid pace of innovation requires robust governance to ensure alignment with strategic objectives and to mitigate the risk of operational disruptions caused by emerging technologies. As Tata navigates these challenges, maintaining a balance between innovation and strategic coherence will be critical for sustaining its market position.","Risk summary for {'Tata'}

Environmental:
No specific environmental risks were identified in the provided comments.

Geopolitical:
No specific geopolitical risks were identified in the provided comments.

Governance:
The primary governance risk identified relates to financial management, particularly concerning the company's significant investment in research and development (R&D). Tata Group's expenditure on R&D, which is notably higher than the national average, poses a risk of financial strain if these investments do not yield proportional returns.

Social:
No specific social risks were identified in the provided comments.

Overall assessment:
Tata Group faces notable financial risks primarily due to its substantial investment in R&D, which may lead to future financial challenges if the expected returns do not materialize. While no risks in the environmental, geopolitical, or social categories were highlighted, the focus on governance risk emphasizes the need for careful financial oversight regarding R&D expenditures to safeguard the company's economic stability. Continuous monitoring of these financial commitments will be essential to mitigate potential adverse impacts on the company's overall performance.",0.9128497242927551
55,"Risk summary for {'Tata'}

Environmental:
No specific environmental risks were identified in the provided annotations.

Geopolitical:
No specific geopolitical risks were identified in the provided annotations.

Governance:
The governance risks primarily relate to strategic performance, particularly in Tata Steel's community development initiatives. The company’s focus on vocational training for local youth is crucial for socio-economic progress, but it faces execution challenges. Poor management of these strategic initiatives could lead to financial strain and hinder the achievement of broader corporate goals.

Social:
The social risks are centered on human capital, highlighting Tata Steel's commitment to skill development and training for local youth. While these initiatives are beneficial for enhancing employability and fostering socio-economic growth, they require ongoing investment and effective management. A failure to sustain these programs could result in adverse social consequences and harm the company's reputation within the community.

Overall assessment:
Tata Steel faces governance risks associated with the successful execution of its strategic community initiatives, particularly in skill development. Additionally, the company must navigate social risks linked to the sustainability of its training programs, which are vital for local socio-economic advancement. Without careful management and resource allocation, these risks could negatively impact both the community and Tata Steel’s reputation, ultimately affecting its strategic objectives.","Risk summary for {'Tata'}

Environmental:
No specific environmental risks were identified in the article. However, the company's commitment to corporate social responsibility (CSR) suggests a proactive approach to environmental sustainability, which could mitigate potential future risks.

Geopolitical:
There are no geopolitical risks mentioned in the article. The focus on CSR initiatives indicates a stable operational environment, reducing concerns related to political instability or regulatory challenges.

Governance:
The article does not highlight any governance risks. Tata's active engagement in youth employment and training reflects a strong commitment to ethical management and good governance practices, which can enhance the company's reputation and operational stability.

Social:
The article emphasizes Tata's positive impact on youth employment and skill development. This focus on social responsibility not only enhances the company's public image but also mitigates risks related to brand perception and workforce engagement.

Overall assessment:
The news article presents a favorable outlook for Tata, highlighting its efforts in youth employment and skill development as part of its CSR initiatives. While no specific risks were identified across the environmental, geopolitical, governance, or social classes, the company's proactive approach to social responsibility may serve to strengthen its reputation and operational resilience. Overall, Tata appears well-positioned to navigate potential risks while contributing positively to the community.",0.8924466967582703
56,"Risk summary for {'Tata'}

**Environmental:**  
No environmental risks were identified in the current analysis.

**Geopolitical:**  
Tata faces significant geopolitical risks, particularly related to the business environment in India. The volatile political landscape and regulatory challenges can hinder foreign investment and create uncertainties that may disrupt Tata's operations and strategic initiatives.

**Governance:**  
Governance risks include strategic performance issues stemming from factory relocations due to local unrest, which resulted in production delays and increased costs. These operational disruptions can adversely affect Tata's efficiency and overall strategic objectives.

**Social:**  
Social risks are primarily linked to brand perception, particularly due to negative publicity arising from product issues, such as the reported spontaneous fires in Nano cars. Although the incidents were few, they pose a risk to consumer trust and could negatively impact sales and brand reputation.

**Overall assessment:**  
Tata's risk landscape is characterized by financial strains from past acquisitions and uncertainties in market demand, alongside geopolitical challenges in India that complicate business operations. Governance issues related to production delays and social risks from negative publicity further complicate the company's outlook. Collectively, these factors necessitate a vigilant approach to risk management to safeguard Tata's financial stability and brand integrity.","Risk summary for {'Tata'}

Environmental:
No environmental risks were identified in the provided annotations.

Geopolitical:
Tata faces significant geopolitical risks, particularly from restrictions on foreign investment and emerging regulations that complicate its retail diversification efforts. Political instability, as evidenced by labor disruptions and social unrest at operational sites, further threatens production continuity and employee safety.

Governance:
Governance-related risks are prominent, including management performance issues stemming from ill-timed acquisitions that have strained financial health. Process risks are evident in supply chain disruptions and potential product safety liabilities, particularly concerning the Nano vehicle, which has faced negative publicity and safety concerns. Additionally, strategic risks arise from entering new markets and forming joint ventures, which can be fraught with competition and regulatory challenges.

Social:
The company is exposed to social risks, particularly concerning brand perception due to safety issues with the Nano car, which have led to negative media coverage and declining sales. These reputation risks can significantly impact customer trust and market position.

Overall assessment:
Tata's risk landscape is characterized by financial pressures from past acquisitions, compounded by geopolitical challenges that hinder its operational flexibility and market entry. Governance issues, particularly regarding management decisions and production processes, exacerbate these risks, while social factors related to brand perception and product safety further complicate the company's standing. A comprehensive risk management strategy is essential to navigate these multifaceted challenges effectively.",0.9037474989891052
59,"Risk summary for {'Tata'}

Environmental:
No environmental risks were identified in the provided comments.

Geopolitical:
No geopolitical risks were identified in the provided comments.

Governance:
No governance risks were identified in the provided comments.

Social:
No social risks were identified in the provided comments.

Overall assessment:
The primary risks associated with Tata Steel stem from financial concerns, particularly negative market sentiment and potential stock price declines. Analysts suggest a bearish outlook, as indicated by recommendations to buy put options, reflecting a lack of confidence in the company's stock performance. Additionally, anticipated short positions in the metal sector could further exacerbate volatility and financial instability for Tata Steel. These factors collectively pose significant challenges to the company's market position and investor confidence.","Risk summary for {'Tata'}

Environmental:
No specific environmental risks were identified in the provided commentary.

Geopolitical:
No geopolitical risks were identified in the provided commentary.

Governance:
No governance risks were identified in the provided commentary.

Social:
No social risks were identified in the provided commentary.

Overall assessment:
The primary risk identified for Tata Steel pertains to financial concerns, specifically a negative outlook from investors. This sentiment reflects bearish expectations regarding the company's stock performance, suggesting potential volatility and market pessimism in the near term. The recommendation to purchase put options indicates a strategy to hedge against anticipated declines, highlighting the need for careful monitoring of market conditions and investor sentiment as they could significantly impact the company's financial stability.",0.94849693775177
60,"Risk summary for {'Posco'}

Environmental:  
No specific environmental risks were identified in the provided comments.

Geopolitical:  
There are no geopolitical risks mentioned in the comments provided. 

Governance:  
The primary governance risk stems from Posco's strategic investment in Hancock Prospecting, which exposes the company to risks associated with the execution of expansion plans and potential regulatory changes in the mining sector. This investment ties Posco's future performance to the operational success of Hancock Prospecting, which can be influenced by various external factors.

Financial:  
Posco faces financial risks related to its investment in Hancock Prospecting and its dependency on commodity prices. The company’s financial performance is directly linked to the success of Hancock's operations, particularly in the volatile iron ore market, which is heavily influenced by demand from countries like China. This dependency creates a risk of financial instability should market conditions fluctuate unfavorably.

Overall assessment:  
Posco is navigating several risks primarily within the financial and governance domains. The company's financial performance is closely tied to its strategic investment in Hancock Prospecting and the volatile nature of iron ore prices. Additionally, governance risks associated with expansion plans could impact Posco's operations and market positioning. Without addressing these risks, the company may face challenges in maintaining stability and achieving its strategic objectives.","Risk summary for {'Posco'}

Environmental:
There are currently no identified environmental risks impacting Posco in the provided information. 

Geopolitical:
Posco faces potential risks related to government business policy, particularly concerning emerging regulations in Australia. Any changes in regulations regarding iron ore mining could adversely affect Posco's operations and investment in the region, leading to operational uncertainties and financial implications.

Governance:
Governance risks for Posco stem from potential reputational damage associated with its business associations. The involvement with Gina Rinehart's mining company, amidst her public controversies, could lead to negative media coverage and legal ramifications that might undermine Posco's brand perception and stakeholder trust.

Social:
The social landscape presents risks related to brand perception, especially due to the association with Gina Rinehart, who has faced serious allegations. This connection could result in negative media attention and public backlash, potentially impacting Posco's reputation and market position.

Overall assessment:
Posco is navigating a complex risk landscape characterized by geopolitical uncertainties and governance challenges. The potential for regulatory changes in Australia poses a significant operational risk, while the association with a controversial figure like Gina Rinehart raises concerns about brand perception and reputational integrity. Addressing these risks proactively will be crucial for maintaining Posco's market position and stakeholder confidence.",0.8906592130661011
63,"Risk summary for {'Posco'}

Environmental:  
Posco faces risks related to non-compliance with environmental regulations, highlighted by an ongoing legal case at the National Green Tribunal. This situation could lead to increased costs and delays in compliance, impacting operational efficiency.

Geopolitical:  
The company is exposed to regulatory and administrative delays, particularly concerning land acquisition, which remains a significant challenge. Additionally, restrictions on the movement of Korean employees due to local administrative decisions further complicate project timelines, potentially escalating costs and operational risks.

Governance:  
Governance-related risks center around process inefficiencies, particularly in project execution. The slow progress of Posco's initiatives, attributed to bureaucratic hurdles, raises concerns about increased costs and the potential for missed business opportunities.

Overall assessment:  
Posco is currently navigating a complex risk landscape that encompasses environmental compliance, geopolitical challenges, and governance inefficiencies. The interplay of these risks could hinder project timelines, escalate costs, and create uncertainty around financial returns. Addressing these issues proactively will be essential for maintaining operational integrity and achieving strategic objectives in the region.","Risk summary for {'Posco'}

Environmental:
Currently, there are no specific environmental risks identified for Posco in the provided comments. However, the company may face potential environmental challenges in the future due to ongoing land acquisition issues, which could impact project timelines and compliance with environmental regulations.

Geopolitical:
Posco faces significant geopolitical risks, particularly related to government business policies. The company is experiencing delays in land acquisition, which is crucial for project development, and there are concerns about potential changes in regulations that could further complicate this process. Additionally, the presence of foreign employees at the project site may be affected by local administrative challenges.

Governance:
Governance risks are prominent for Posco, including litigation related to a case at the National Green Tribunal, which poses a threat to the company's reputation and operational progress. The slow pace of land acquisition is also a critical process risk, as it hampers construction efforts and could lead to poor investment outcomes if the project remains stalled. Furthermore, the long-standing delays since the initial environmental clearance in 2007 highlight strategic performance risks.

Social:
Posco's brand perception is at risk due to ongoing legal challenges linked to land acquisitions. Negative publicity surrounding these issues could affect public perception and stakeholder confidence, impacting the company's overall reputation in the market.

Overall assessment:
Posco is currently navigating a complex landscape of geopolitical and governance risks, primarily stemming from delays in land acquisition and related legal challenges. These factors not only threaten the progress of significant investments but also risk damaging the company's reputation. Without expedited resolution from government entities, Posco may struggle to advance its projects, potentially jeopardizing its market position and long-term strategic goals.",0.8999557495117188
64,"Risk summary for {'Posco'}

Environmental:
The primary risk identified in this category relates to climate change, specifically the company's need to reduce greenhouse gas emissions. The adoption of Finex technology can mitigate environmental impact, but it may necessitate compliance with regulatory standards and incur adaptation costs, which could affect operational efficiency.

Geopolitical:
In the geopolitical realm, risks stem from the challenging business environment in Australia, particularly for steelmaking. Factors such as carbon pricing, a strong Australian dollar, and foreign competition could hinder POSCO's operational competitiveness and profitability, especially if the company proceeds with its acquisition plans.

Governance:
Financially, there is a risk associated with the potential undervaluation of Arrium in a takeover bid. If the acquisition proceeds at a perceived bargain price, it could lead to financial strain or dissatisfaction among shareholders, impacting POSCO's market position and overall financial health.

Social:
No specific social risks were identified in the provided comments, indicating that the company's public perception and workforce-related risks are currently stable or not highlighted in this context.

Overall assessment:
POSCO faces multifaceted risks that could significantly impact its operations and financial performance. Environmental concerns related to climate change demand investment in new technologies, while geopolitical challenges in the Australian market may threaten competitiveness. Additionally, financial risks associated with acquisition strategies could lead to undervaluation and shareholder discontent. Addressing these risks proactively will be crucial for maintaining stability and fostering growth.","Risk summary for {'Posco'}

Environmental:
No specific environmental risks were identified in the provided comments.

Geopolitical:
The primary geopolitical risk involves emerging regulations affecting POSCO’s competitiveness in the Australian market, particularly related to carbon pricing. Such regulations could impose additional costs and operational challenges, impacting the company's market position and profitability.

Governance:
Governance risks center around strategic performance, particularly concerning POSCO's potential acquisition of Arrium. Analysts suggest that this investment could be problematic given Arrium's current financial struggles, which may lead to a poor return on investment for POSCO. If the acquisition does not yield expected benefits, it could adversely affect POSCO’s financial health.

Social:
No specific social risks were identified in the provided comments.

Overall assessment:
POSCO faces several significant risks, primarily in the financial and governance domains. The company's attempt to acquire Arrium poses potential financial strain, particularly due to the latter's poor performance amid fluctuating commodity prices. Additionally, emerging regulations in Australia could further complicate POSCO's operational landscape. Collectively, these factors could jeopardize the company's financial stability and strategic objectives, necessitating careful risk management and strategic planning.",0.9012684226036072
65,"Risk summary for {'Posco'}

Environmental:  
Posco faces significant climate change-related risks, particularly concerning environmental compliance. The suspension of environmental clearance for its major project in Orissa necessitates a comprehensive review and adherence to new regulations, potentially delaying operations and impacting project timelines.

Geopolitical:  
The company is exposed to policy and regulatory risks arising from changes in government business policy. The recent judicial directive for the government to adopt a more holistic approach to environmental clearances could necessitate adjustments in Posco's project plans, complicating regulatory compliance and potentially increasing project costs.

Governance:  
Posco's operational integrity is at risk due to concerns about regulatory compliance. The criticism surrounding the inadequate environmental impact assessment may lead to legal challenges and operational setbacks, highlighting vulnerabilities in governance practices that could affect the company's reputation and operational efficiency.

Social:  
Social risks are evident through brand perception challenges stemming from public and activist opposition. Protests from local communities and environmental groups not only threaten Posco's public image but also pose obstacles to project advancement, further complicating stakeholder engagement and community relations.

Overall assessment:  
Posco is navigating a complex risk landscape characterized by environmental, geopolitical, governance, and social challenges. Delays in regulatory compliance and ongoing public opposition could significantly hinder project development and operational efficiency. Addressing these multifaceted risks will be crucial for maintaining stakeholder trust and ensuring the successful execution of its initiatives.","Risk summary for {'Posco'}

**Environmental:**  
The primary risk identified is related to natural resource deficiency, specifically concerning water usage for industrial projects. The directive for water-intensive projects to secure their own water sources poses a significant challenge, as it may limit Posco's access to necessary resources, impacting operational efficiency and compliance with environmental regulations.

**Geopolitical:**  
This class encompasses risks stemming from a change in government and emerging regulations. Recent actions by the Indian government to review existing project clearances could result in delays or modifications to Posco's operational plans. The split report from the review panel raises concerns about the legality of prior approvals, which could lead to further scrutiny and potential regulatory hurdles.

**Governance:**  
Governance risks are highlighted by process risks related to land and resource management. The requirement for compliance with new environmental standards and the need to reassess land usage for water sourcing could disrupt Posco's project timelines and operational strategies, leading to increased costs and potential legal challenges.

**Overall assessment:**  
Posco faces a multifaceted risk landscape characterized by environmental constraints on resource usage, geopolitical uncertainties surrounding regulatory changes, and governance challenges related to compliance and operational processes. These risks could adversely affect the company's project execution, financial performance, and market position if not effectively managed. Addressing these challenges will be crucial for maintaining operational continuity and ensuring compliance with evolving regulations.",0.9034417867660522
66,"Risk summary for {'Posco'}

Environmental:
No environmental risks were identified in the provided annotations.

Geopolitical:
No geopolitical risks were identified in the provided annotations.

Governance:
The governance risks primarily include strategic performance concerns, particularly regarding a failed acquisition attempt. Posco's bid for Arrium was rejected, which poses a risk to its growth strategy and market positioning. This failure could hinder Posco's ability to expand its operations and capitalize on market opportunities.

Financial:
Financial risks include potential overvaluation and fluctuating commodity prices. The rejection of the takeover bid raises concerns about overpaying if market conditions do not improve, potentially impacting Posco's financial outlook. Additionally, fluctuations in iron ore prices could adversely affect financial performance, especially in the context of acquisitions or investments.

Overall assessment:
Posco faces significant risks related to its governance and financial strategies. The failed acquisition of Arrium highlights vulnerabilities in its growth strategy and market positioning. Furthermore, the company's financial performance is susceptible to volatile commodity prices, which could lead to overvaluation risks if market expectations do not materialize. These interconnected risks necessitate careful monitoring and strategic adjustments to mitigate potential impacts on Posco's overall performance.","Risk summary for {'Posco'}

Environmental:
No environmental risks were identified in the provided comments.

Geopolitical:
No geopolitical risks were identified in the provided comments.

Governance:
No governance risks were identified in the provided comments.

Social:
No social risks were identified in the provided comments.

Overall assessment:
The primary risk identified for POSCO is related to financial performance, specifically through commodity price fluctuations, particularly in iron ore. The recent recovery in iron ore prices poses a potential risk to the company's operations and financial stability, as ongoing fluctuations may impact profitability. Without further diversification or risk mitigation strategies, POSCO may face challenges in maintaining market position amidst these economic variables.",0.9126670360565186
68,"Risk summary for {'Posco'}

Environmental: The company faces risks related to climate change and non-compliance with environmental regulations. High energy consumption in Indian steel mills increases carbon emissions, attracting regulatory scrutiny and potential costs from carbon taxes. Additionally, failing to meet environmental standards can result in legal penalties and operational disruptions, further jeopardizing Posco's reputation and financial stability.

Geopolitical: Regulatory challenges pose significant risks, particularly concerning government business policies. Delays in obtaining environmental clearances for major projects, such as the proposed steel plant, can hinder growth and result in financial losses, preventing the company from capitalizing on market opportunities.

Governance: Process risks associated with the inefficient use of resources present operational challenges. Overextending land use for factory construction can lead to higher costs and conflicts with local communities, which may delay projects and strain relationships with stakeholders.

Social: The company is at risk of negative brand perception due to its environmental performance. Public scrutiny of the steel industry's environmental impact can harm Posco's reputation, leading to decreased customer loyalty and potential loss of market share.

Overall assessment: Posco is navigating a complex risk landscape characterized by environmental, geopolitical, governance, and social challenges. High energy consumption and regulatory non-compliance threaten operational efficiency and financial performance. Additionally, project delays due to bureaucratic hurdles and negative public perception surrounding environmental practices could undermine the company’s growth prospects and brand integrity. Addressing these risks proactively is essential for maintaining competitiveness and fostering sustainable operations.","Risk summary for {'Posco'}

Environmental:
Posco faces significant risks related to environmental degradation, particularly concerning waste, pollution, and electricity consumption. The steel industry in India, including Posco, is under scrutiny for high water and energy consumption, inefficient land use, and non-compliance with pollution regulations, which could lead to stricter laws and hinder project progress.

Geopolitical:
Geopolitical risks for Posco primarily stem from government business policies and political violence. Regulatory delays, particularly regarding environmental clearances, threaten the viability of Posco's proposed steel plant in India. Additionally, social unrest and land acquisition protests pose further challenges to project initiation and execution.

Governance:
Governance risks are evident in the operational processes related to raw materials and supply management. A ban on iron ore mining in Karnataka has created severe shortages of essential materials for steel production, highlighting potential vulnerabilities in supply chain management and compliance with environmental standards.

Social:
Social risks are closely tied to the political landscape and public perception. Local protests over land acquisition for industrial projects can delay or halt development, reflecting the broader societal tensions surrounding industrial expansion in India.

Overall assessment:
Posco is navigating a complex risk landscape characterized by environmental, geopolitical, governance, and social challenges. The interplay of stringent environmental regulations, potential project delays, and social unrest poses significant threats to the company's operations and financial performance in India. Addressing these risks will be crucial for ensuring the successful launch and sustainability of its proposed steel plant.",0.9068900942802429
77,"Risk summary for {'Tata'}

Environmental:
No specific environmental risks were identified in the provided comments.

Geopolitical:
No geopolitical risks were noted in the provided comments.

Governance:
The comments highlight potential strategic performance risks associated with Tata Steel's participation in a significant management conference. This involvement may yield valuable insights and collaborations that could shape the company's strategies and operations, indicating a reliance on external influences for future direction.

Social:
Tata Steel's engagement in a high-profile conference with esteemed industry leaders and academics presents opportunities for enhancing its brand perception. The company's visibility in such influential circles can bolster its reputation and industry standing, which is vital for maintaining competitive advantage and fostering stakeholder trust.

Overall assessment:
Currently, Tata Steel faces governance risks related to its strategic decision-making processes, particularly through external engagements that may influence its future direction. Additionally, the company's active participation in industry discussions offers the potential for improved brand perception, which is crucial in a competitive market. However, the absence of identified environmental or geopolitical risks suggests a relatively stable external environment at this time. Overall, Tata Steel's proactive approach in strategic networking and brand enhancement positions it favorably for future opportunities.","Risk summary for {'Tata'}

Environmental:
No environmental risks were identified in the article, as it primarily focused on the organizational aspects of the India Finance Conference.

Geopolitical:
There are no significant geopolitical risks associated with Tata in this context. The article highlights the company's engagement in a finance conference, which suggests a stable operating environment.

Governance:
The article does not indicate any governance-related risks for Tata. The involvement of the CEO in moderating a panel discussion reflects positively on the company’s leadership and governance practices.

Social:
No social risks were noted in the article. The event discussed promotes collaboration and dialogue within the finance sector, potentially enhancing Tata's public image.

Overall assessment:
The article presents a positive narrative regarding Tata, with no identified risks across environmental, geopolitical, governance, or social categories. The company's active participation in the India Finance Conference, led by its CEO, suggests a commitment to industry engagement and leadership. This proactive approach may bolster its reputation and mitigate potential risks in the future.",0.9015547037124634
81,"Risk summary for {'Tata'}

Environmental:
No environmental risks were identified in the provided annotations.

Geopolitical:
No geopolitical risks were identified in the provided annotations.

Governance:
No governance risks were identified in the provided annotations.

Social:
No social risks were identified in the provided annotations.

Overall assessment:
Tata Steel faces several financial risks primarily linked to market dynamics and economic variables. The anticipated price increase in steel could enhance revenue, yet it poses a risk of diminishing demand if customers resist higher prices. Additionally, fluctuations in global steel demand and the depreciation of the rupee are critical factors that could elevate raw material costs, thereby impacting profitability. The combination of rising raw material prices and reduced import viability due to currency depreciation presents a complex challenge for maintaining competitive margins. Overall, Tata Steel must navigate these financial uncertainties to sustain its market position.","Risk summary for {'Tata'}

Environmental:
The primary risk identified in this category is related to extreme weather events, specifically tropical windstorms and flooding. The recent intensity of monsoon rains poses a threat to steel demand and disrupts logistics, potentially leading to operational challenges and increased costs for the company.

Geopolitical:
Tata faces risks associated with the business environment, particularly logistics restrictions. Economic factors, such as the depreciation of the rupee, may render certain imports economically unviable, which could severely impact the supply chain and hinder operational efficiency.

Governance:
Governance risks stem from process-related issues, particularly in supply management. The ongoing supply constraints in the industry are contributing to price volatility and may lead to bottlenecks in production, affecting the company's ability to meet market demands effectively.

Social:
No specific risks have been identified in the social category for Tata in this context.

Overall assessment:
Tata is currently navigating a complex risk landscape characterized by environmental challenges from extreme weather, geopolitical pressures from logistics restrictions, and governance issues related to supply management. These risks collectively threaten the company's operational efficiency and financial performance, particularly through increased costs and supply chain disruptions. Proactive strategies will be essential to mitigate these risks and ensure sustained business performance in a volatile environment.",0.8840019106864929
92,"Risk summary for {'Posco'}

Environmental:
No specific environmental risks were noted in the provided comments.

Geopolitical:
The geopolitical landscape presents risks related to political violence, particularly with escalating tensions surrounding land acquisition for Posco's mega steel project. Demonstrations led by local leaders indicate a potential for clashes, complicating the company's operational environment and project execution.

Governance:
Governance risks include concerns over non-compliance with legal and regulatory frameworks, highlighted by challenges regarding the legal status of land acquisition without a valid Memorandum of Understanding (MoU). Additionally, operational disruptions have arisen due to halts in land acquisition linked to law and order issues, which could lead to delays and increased costs for the company.

Social:
Social risks are primarily associated with brand perception, as ongoing protests against Posco's project have the potential to damage its public image. The involvement of local communities in demonstrations indicates a significant challenge to maintaining a positive social license to operate in the region.

Overall assessment:
Posco faces a multifaceted risk environment characterized by geopolitical tensions, governance challenges, and social opposition. The intersection of these risks could lead to operational delays, increased costs, and reputational damage, necessitating proactive engagement and risk mitigation strategies to navigate the complexities of the local landscape effectively. Addressing these risks will be crucial for ensuring the successful execution of the mega steel project.","Risk summary for {'Posco'}

Environmental:
No environmental risks were identified in the provided comments.

Geopolitical:
The geopolitical risks center around government business policy and political violence. Regulatory uncertainty regarding land acquisition poses a significant risk, as local opposition and legal concerns may delay or complicate the process. Additionally, social unrest driven by various activist groups could further destabilize the project environment, hindering progress and leading to potential conflicts.

Governance:
Governance risks are primarily related to litigation, particularly concerning the legal status of land acquisition without a valid Memorandum of Understanding (MoU). This lack of clarity raises the possibility of legal challenges that could obstruct project advancement, emphasizing the importance of regulatory compliance and clear agreements.

Social:
Social risks include brand perception and human capital issues. Protests against the project, fueled by local opposition and media coverage, threaten to damage Posco's reputation both locally and internationally. Furthermore, labor unrest may arise if community opposition makes it difficult to recruit and retain a local workforce, which is critical for project success.

Overall assessment:
Posco faces a multifaceted risk landscape characterized by geopolitical tensions, governance challenges, and social opposition. Regulatory uncertainties and potential legal disputes regarding land acquisition could impede project timelines. Concurrently, negative public sentiment and labor issues may hinder operational capabilities and damage the company's reputation. It is essential for Posco to navigate these risks strategically to ensure project viability and maintain stakeholder trust.",0.926612138748169
97,"Risk summary for {'Tata'}

Environmental:  
There are no specific environmental risks identified in the provided data.

Geopolitical:  
The primary geopolitical risk for Tata Steel arises from the potential non-renewal of mining leases by the state government. This situation creates uncertainty regarding the supply of iron ore, which is essential for steel production, potentially disrupting operations and increasing reliance on imports.

Governance:  
Tata Steel faces governance-related risks, particularly concerning compliance with state regulations. The company may encounter challenges if state policies favor public sector enterprises over private companies for resource allocation. Additionally, operational inefficiencies could arise from regulatory changes, particularly if the company fails to meet production quotas set by the state.

Overall assessment:  
Tata Steel is currently navigating a complex risk landscape characterized by geopolitical uncertainties regarding mining leases and governance challenges related to compliance with evolving state regulations. These factors could significantly impact the company's operational efficiency and financial performance, particularly as they relate to the critical supply of iron ore. The need to import raw materials may further exacerbate operational costs, necessitating strategic adjustments to mitigate these risks effectively.","Risk summary for {'Tata'}

Environmental:
No environmental risks were identified in the provided annotations.

Geopolitical:
The company faces significant risks related to government policies, particularly regarding the potential revocation of mining leases in Odisha. The state government's decision to invoke a 2012 resolution could lead to the non-renewal of essential mining licenses, impacting Tata's operational capabilities.

Governance:
Tata is exposed to litigation risks, as ongoing lawsuits regarding mining lease renewals could affect its operations. Additionally, process risks arise from potential supply disruptions, as the inability to secure mining leases may force the company to import critical resources like iron ore, adversely affecting production and financial performance.

Social:
No social risks were identified in the provided annotations.

Overall assessment:
Tata is currently navigating a complex risk landscape predominantly shaped by geopolitical and governance challenges. The potential revocation of mining leases poses a direct threat to its operational efficiency and financial health. Furthermore, ongoing litigation surrounding these leases adds another layer of uncertainty, potentially disrupting the supply chain and necessitating costly imports. It is crucial for management to closely monitor these developments and devise strategies to mitigate associated risks.",0.9135287404060364
101,"Risk summary for {'Tata'}

Environmental:
Currently, there are no identified environmental risks impacting Tata Steel. The focus remains on operational and regulatory challenges rather than environmental factors.

Geopolitical:
Tata Steel faces significant geopolitical risks related to regulatory uncertainty. Changes in government policies and court restrictions aimed at curbing illegal mining have led to a reliance on iron ore imports, which complicates the company's ability to secure necessary raw materials domestically.

Governance:
Governance-related risks are prominent, particularly concerning non-compliance and process risks. Delays in renewing mining leases have halted operations at critical sites, forcing Tata Steel to import iron ore, which increases costs and disrupts operational efficiency. Additionally, reliance on imports introduces supply chain disruptions and logistical challenges, particularly with rising transportation costs.

Social:
No specific social risks are highlighted in the current analysis. However, potential implications on workforce stability and public perception could arise from the operational challenges faced.

Overall assessment:
Tata Steel is navigating a complex risk landscape characterized by geopolitical uncertainties and governance challenges. Regulatory changes have forced the company to pivot from domestic mining to imports, significantly increasing operational costs and affecting supply chain stability. The combination of lease renewal delays and heightened reliance on external sources for raw materials poses substantial risks to Tata Steel’s financial performance and operational efficiency. Addressing these challenges will be critical for maintaining market position and ensuring sustainable operations.","Risk summary for {'Tata'}

Environmental:  
Tata Steel faces risks related to natural resource deficiency, specifically concerning raw materials. The delays in renewing mining leases in Jharkhand and Odisha have compelled the company to import iron ore for the first time in its history, which could lead to increased costs and supply chain disruptions.

Geopolitical:  
The company is exposed to geopolitical risks, particularly in the business environment and government policy areas. Logistics restrictions are a significant concern due to the location of steel plants in India, which are situated away from coastal regions, leading to higher transportation costs. Additionally, emerging regulations and potential license revocations pose further operational challenges, as mining activities are contingent on government actions.

Governance:  
Tata Steel is also at risk from governance-related issues, particularly in process risks associated with raw materials and supplier failures. The delays in mining lease renewals not only affect sourcing but also create vulnerabilities in the supply chain, potentially leading to operational inefficiencies and reliance on external suppliers.

Overall assessment:  
Tata Steel is currently navigating a complex risk landscape characterized by environmental challenges in raw material sourcing, geopolitical uncertainties affecting logistics and regulatory compliance, and governance issues that impact operational processes. The combination of these risks could hinder the company's performance and market position, necessitating proactive risk management strategies to mitigate potential impacts on its supply chain and financial health.",0.9028767943382263
102,"Risk summary for {'Tata'}

Environmental:
No environmental risks were identified in the provided comments.

Geopolitical:
No geopolitical risks were identified in the provided comments.

Governance:
The company faces risks related to non-compliance, particularly concerning security and legal standards. The ongoing investigation into a shooting incident raises concerns about the adequacy of security measures, which could result in reputational harm and potential legal liabilities for Tata Steel.

Social:
The company is exposed to risks associated with human capital, specifically regarding employee safety and well-being. The critical injury of a Tata Steel executive due to a violent incident underscores the potential for safety risks that can adversely impact employee morale, productivity, and the overall perception of the workplace environment.

Overall assessment:
Tata Steel is currently navigating significant governance and social risks, primarily related to security compliance and employee safety. The unresolved investigation into a violent incident not only poses potential legal repercussions but also threatens the company's reputation and employee morale. Addressing these issues proactively will be crucial in mitigating risks and maintaining a positive organizational environment.","Risk summary for {'Tata'}

Environmental:
No environmental risks were identified in the provided annotations.

Geopolitical:
The primary geopolitical risk for Tata is related to political violence, specifically gun violence, which poses a direct threat to personnel safety. The recent shooting incident involving an executive highlights the potential for operational disruptions and impacts on employee morale, particularly in regions experiencing instability.

Governance:
There are no specific governance risks noted in the annotations.

Social:
Tata faces risks related to human capital, particularly the potential loss of key personnel due to violence. The critical condition of an executive following a violent incident underscores vulnerabilities in workforce stability and can affect operational continuity and strategic execution.

Overall assessment:
Tata is currently facing significant risks primarily from geopolitical and social factors. The shooting incident involving an executive not only raises concerns about employee safety but also threatens the company's operational effectiveness due to the potential loss of leadership. Addressing these risks is crucial for maintaining workforce stability and ensuring ongoing business operations in affected regions.",0.9221111536026001
103,"Risk summary for {'Tata'}

Environmental:
Tata Steel faces significant risks related to natural resource deficiency, particularly due to the closure of its Nuamundi mines, which supplied 25-30% of its raw material needs. This closure poses a direct threat to production capabilities, as the company may struggle to secure alternative resources.

Geopolitical:
The company is also exposed to risks from government business policies, particularly following regulatory changes that have led to the closure of multiple iron ore mines, including its own. These regulatory shifts directly impact Tata Steel's raw material supply and operational continuity.

Governance:
Tata Steel faces legal and compliance challenges due to non-compliance with newly amended mining lease renewal rules. The company's operations are now deemed illegal under these regulations, which increases the risk of legal action and could disrupt its operational activities.

Overall assessment:
Tata Steel is currently navigating a multifaceted risk landscape that includes environmental challenges from resource supply issues, geopolitical risks stemming from regulatory changes, and governance-related compliance failures. These interconnected risks threaten the company's operational efficiency and profitability, necessitating strategic management to mitigate potential impacts on production and legal standing.","Risk summary for {'Tata'}

Environmental:
No specific environmental risks were identified in the provided annotations.

Geopolitical:
Two primary geopolitical risks are evident. First, changes in government and judiciary personnel could alter the enforcement and interpretation of mining laws, potentially impacting Tata's operations. Second, emerging regulations from the Jharkhand government, particularly the recent order for mine closures following amendments to mineral concession rules, pose a risk to Tata's operational continuity due to sudden regulatory shifts.

Governance:
Governance risks are highlighted by process-related concerns, particularly the closure of Tata Steel's Nuamundi mines, which supplied a significant portion of the company's raw material requirements. This shutdown disrupts key infrastructure and sourcing, potentially affecting production and operational efficiency.

Overall assessment:
Tata faces multifaceted risks primarily stemming from geopolitical and governance factors. Regulatory changes and shifts in government policy may significantly impact the company's operational landscape, while internal process risks related to mining operations threaten its supply chain and production capabilities. These interconnected risks necessitate careful monitoring and strategic planning to mitigate potential disruptions to Tata's business continuity and market position.",0.9111506938934326
108,"Risk summary for {'Posco'}

Environmental:  
Posco faces environmental risks primarily related to environmental clearance issues. The challenges in obtaining necessary approvals for land and operations can lead to significant project delays or halts, adversely affecting the company's operational efficiency.

Geopolitical:  
The geopolitical landscape presents multiple risks for Posco, particularly in the form of regulatory and bureaucratic challenges in India. The lengthy process to secure land, environmental clearances, and essential supplies reflects a complex regulatory environment that can hinder investment plans. Additionally, policy instability, characterized by the cancellation and re-auctioning of licenses, further complicates strategic planning and operational stability.

Governance:  
Governance risks for Posco include potential non-compliance with legal and regulatory frameworks. The retrospective invalidation of coal mine allotments underscores the risk of evolving compliance standards, which could lead to operational disruptions and financial repercussions.

Social:  
While not explicitly mentioned in the provided comments, the social implications of Posco's operations—such as public perception and workforce-related risks—could also be affected by the environmental and geopolitical challenges they face.

Overall assessment:  
Posco is navigating a complex risk landscape characterized by environmental, geopolitical, and governance challenges. The difficulties in securing environmental clearances and navigating regulatory bureaucracies in India pose significant operational risks. Additionally, the instability of government policies and potential legal non-compliance could threaten the company's investment outlook and operational continuity. These factors necessitate a proactive approach to risk management to mitigate potential impacts on Posco's strategic objectives.","Risk summary for {'Posco'}

Environmental:
There are no specific environmental risks mentioned in the annotations provided. However, the need for environmental clearances for POSCO's investment in India indicates potential delays and complications that could arise from environmental regulations, impacting project timelines and costs.

Geopolitical:
POSCO faces significant geopolitical risks, particularly related to the business environment in India. The deteriorating ease of doing business, as highlighted by the World Bank rankings, suggests increasing bureaucratic hurdles that could deter foreign investment. Additionally, issues of corruption, such as bribery and the potential for government retraction of land allotments, create an unstable investment climate, signaling to foreign investors that their commitments may not be secure.

Governance:
Governance risks for POSCO primarily stem from process inefficiencies and regulatory challenges in India. The company is struggling with supply management due to difficulties in securing essential resources like iron ore and coal, compounded by lengthy bureaucratic processes for obtaining necessary approvals. This inefficiency could hinder operational performance and affect overall project viability.

Social:
No specific social risks were identified in the provided annotations. However, the broader implications of negative public perception regarding investment reliability in India could impact POSCO's reputation and future business endeavors.

Overall assessment:
POSCO's investment strategy in India is fraught with risks across multiple dimensions. Geopolitical challenges, particularly concerning regulatory environments and corruption, pose significant barriers to successful project execution. Financially, investor confidence may wane due to prolonged delays and uncertainties, while governance issues related to supply chain management further complicate operational readiness. Collectively, these risks necessitate a robust risk management strategy to mitigate potential impacts on POSCO's investment and operational objectives in India.",0.9044280648231506
109,"Risk summary for {'Posco'}

Environmental:
No specific environmental risks were identified in the provided comments.

Geopolitical:
The company faces significant geopolitical risks, particularly related to government business policy and regulatory delays. The lengthy nine-year wait for approvals to establish a $12 billion steel plant in India highlights the potential for regulatory hurdles that can impede investment and expansion plans, impacting operational timelines and market positioning.

Governance:
Posco is exposed to governance-related risks, specifically project execution risks. The complex landscape of required clearances for large-scale projects poses challenges that could delay execution and affect overall financial performance. Inefficiencies in navigating these regulatory requirements can lead to increased costs and lost opportunities.

Social:
Social risks for Posco include potential public image risks stemming from its delayed project. The company's high-profile involvement in a major investment project may suffer reputational damage, particularly in the context of India's economic struggles and the 'Make in India' campaign, which could affect stakeholder perceptions and market confidence.

Overall assessment:
Posco is navigating a complex risk landscape characterized by geopolitical, governance, and social challenges. Delays in regulatory approvals and project execution pose significant threats to the company’s financial outlook and reputation. As the firm attempts to solidify its presence in the Indian market, it must effectively manage these risks to safeguard its investment and maintain a positive brand image amidst broader economic uncertainties.","Risk summary for {'Posco'}

Environmental:
No environmental risks have been identified in the provided information.

Geopolitical:
The company faces risks related to emerging regulations in India, which could impact its operations and require regulatory approvals for clearance. These risks highlight the potential for increased operational complexity and compliance challenges in navigating new legal frameworks.

Governance:
No governance risks have been identified in the provided information.

Social:
No social risks have been identified in the provided information.

Overall assessment:
Posco is currently exposed to geopolitical risks, particularly concerning emerging regulations in India. This situation necessitates careful monitoring and strategic planning to ensure compliance and mitigate potential operational disruptions. As the regulatory landscape evolves, the company must remain agile to adapt to these changes while safeguarding its market position.",0.9023279547691345
110,"Risk summary for {'Posco'}

Environmental:  
Posco faces risks related to natural resource deficiency, particularly its dependency on natural gas as a feedstock. The high tariffs associated with natural gas and delays in securing concessional rates threaten operational sustainability, as they increase costs and limit resource availability.

Geopolitical:  
The company is exposed to risks from government business policies, specifically regarding foreign investment perceptions. The current high tariffs and operational shutdowns at Tuwairqi Steel Mills Limited (TSML) may deter potential foreign investors, which could impact Posco's growth and operational stability in Pakistan.

Governance:  
Strategic performance risks are evident due to delays in the approval of concessional tariffs for natural gas. This prolonged inaction has resulted in the shutdown of a plant that had successfully completed capacity tests, hindering Posco's ability to achieve its strategic objectives in the region.

Social:  
There are significant human capital risks associated with potential employee layoffs, which could arise if the plant remains non-operational. Such layoffs not only affect employee morale but also risk damaging Posco's reputation as an employer, potentially influencing foreign investment sentiment.

Overall assessment:  
Posco is navigating a multifaceted risk landscape characterized by environmental, geopolitical, governance, and social challenges. High natural gas tariffs and delays in tariff approvals threaten operational viability and strategic performance, while negative perceptions regarding foreign investment could stifle growth. Additionally, potential layoffs present a reputational risk that may further complicate the company's operational environment in Pakistan. Addressing these risks is crucial for maintaining operational sustainability and investor confidence.","Risk summary for {'Posco'}

Environmental: 
The company faces risks related to natural resource deficiency, particularly concerning the supply of gas at concessional rates, which is crucial for its operations. The potential lack of access to affordable gas feedstock may hinder production capabilities and increase operational costs.

Geopolitical: 
Geopolitical risks include emerging regulations in Pakistan that could affect gas tariffs. Changes in government policies regarding energy supply could create uncertainty and impact financial planning and operational stability for the company.

Governance: 
Governance risks encompass process risks associated with gas supply and strategic performance concerns related to joint ventures. The reliance on a joint venture with Al-Tuwairqi Holding may pose challenges in coordination and operational integration, which could affect project timelines and success.

Social: 
Social risks involve potential human capital issues, particularly the threat of significant layoffs affecting around 1,100 employees. Such layoffs could damage the company's reputation and deter foreign investment, impacting overall business performance.

Overall assessment: 
Posco is currently navigating a complex risk landscape characterized by environmental, geopolitical, governance, and social challenges. The potential for resource scarcity and regulatory changes in Pakistan poses significant operational risks, while governance issues related to joint ventures may affect strategic execution. Additionally, workforce-related risks could harm the company’s public perception and investment appeal, necessitating proactive risk management strategies to safeguard its interests and operational viability.",0.9098902344703674
113,"Risk summary for {'NLMK'}

Environmental:
NLMK is currently not exposed to significant environmental risks based on the provided annotations. However, it is important to note that fluctuations in commodity prices, particularly iron ore, can indirectly relate to environmental factors affecting supply chains and production costs.

Geopolitical:
The company faces geopolitical risks primarily through government policies and potential sanctions. Although NLMK appears somewhat insulated from direct sanctions impacting the Russian steel industry, the evolving geopolitical landscape could still affect its market access and operational stability.

Governance:
From a governance perspective, NLMK's strategic performance is under scrutiny due to its emphasis on cost management. While the company's cost-cutting measures have enhanced profitability, there is a risk that sustained focus on cost efficiency may compromise operational capabilities if not managed carefully.

Overall assessment:
NLMK's risk landscape is characterized by financial pressures from market competition and commodity price fluctuations, alongside geopolitical uncertainties related to sanctions. The company's governance strategies, particularly around cost management, are critical to maintaining profitability amidst these challenges. The interplay of these risks necessitates ongoing vigilance and adaptive strategies to safeguard NLMK's market position and operational integrity.","Risk summary for {'NLMK'}

Environmental:
No environmental risks were identified in the provided data.

Geopolitical:
The primary geopolitical risk pertains to sanctions imposed by EU and US officials targeting Russian energy, arms, and finance sectors, which directly affects companies involved in Russian steel production. Such sanctions can limit market access, disrupt supply chains, and negatively impact financial performance.

Governance:
No governance risks were identified in the provided data.

Social:
No social risks were identified in the provided data.

Overall assessment:
NLMK faces significant geopolitical risks, particularly from international sanctions that may hinder its operations and financial stability in the steel market. The ongoing regulatory pressures from EU and US authorities highlight vulnerabilities in the company's ability to navigate the complex geopolitical landscape. Without effective risk mitigation strategies, these sanctions could adversely impact NLMK's market position and overall business performance.",0.8982986807823181
116,"Risk summary for {'Tata'}

Environmental:
No environmental risks are identified in the current analysis.

Geopolitical:
No geopolitical risks are identified in the current analysis.

Governance:
The governance risks center around Tata Steel's strategic performance as it contemplates the sale of its long products division to Klesch Group. This strategic decision is aimed at restructuring the company’s European operations to enhance financial health, yet it is accompanied by substantial non-cash write-downs, highlighting the difficulties in managing assets in this region.

Social:
Social risks are primarily associated with human capital, particularly concerning potential job losses resulting from the division's sale. The UK steel industry is under strain, and the anticipated restructuring could further diminish employment, adversely affecting workers and the communities reliant on these jobs.

Overall assessment:
Tata Steel is navigating significant financial and governance challenges, particularly in its European operations. The proposed sale of its long products division reflects a strategic effort to mitigate financial burdens, yet it raises concerns about job security and the broader implications for the workforce. Economic variables such as competitive pressures and high operational costs further complicate the company’s ability to maintain profitability and stability in a challenging market environment.","Risk summary for {'Tata'}

Environmental:
Tata Steel faces significant risks related to environmental regulations, particularly high green taxes, which are among the highest globally. These regulatory costs not only hinder competitiveness but also impact operational efficiency in energy-intensive processes such as steelmaking.

Geopolitical:
The company is exposed to geopolitical risks, particularly in the UK, where high labor costs and emerging regulations present ongoing challenges. The industrial action and labor cost pressures create operational inefficiencies, while stringent government policies can further complicate the business environment.

Governance:
Governance-related risks include process inefficiencies stemming from high energy costs and strategic performance issues linked to past investments, notably the acquisition of Corus. This investment has led to significant write-downs, indicating poor financial returns and ongoing losses that may affect stakeholder confidence.

Social:
While not explicitly detailed in the comments, the company's challenges in maintaining a positive public image may be inferred from the financial pressures and labor issues. High labor costs could also impact workforce morale and public perception, which are crucial for brand reputation.

Overall assessment:
Tata Steel is currently navigating a complex risk landscape characterized by financial performance challenges, geopolitical pressures, and governance issues. The combination of high operational costs, regulatory burdens, and past investment missteps poses significant threats to the company's profitability and market position. A strategic focus on managing these risks will be essential for improving investor confidence and long-term sustainability.",0.8824756145477295
117,"Risk summary for {'Tata'}

Environmental:
No environmental risks were identified in the provided annotations.

Geopolitical:
No geopolitical risks were identified in the provided annotations.

Governance:
Two main types of governance risks are present: non-compliance and process risk. The risk of non-renewal of mining leases poses a significant threat to Tata Steel's operations, as the closure of mines could disrupt their access to essential raw materials. Additionally, reliance on temporary express orders for mine operations introduces the risk of production delays, which could further complicate operational efficiency.

Social:
No social risks were identified in the provided annotations.

Overall assessment:
Tata Steel faces critical governance risks that could adversely affect its operational capabilities and financial performance. The potential non-renewal of mining leases presents a significant threat to raw material access, while reliance on temporary operational orders heightens the risk of production delays. Together, these risks underscore the importance of effective compliance and operational management to maintain stability and ensure continued financial health.","Risk summary for {'Tata'}

Environmental:
No specific environmental risks were identified in the provided comments.

Geopolitical:
The company faces risks related to government business policy, particularly concerning emerging regulations and license renewals. The recent Supreme Court ruling mandated the closure of numerous mines in Odisha due to outdated leases, which poses a threat to operational continuity and supply chain stability.

Governance:
Tata Steel is exposed to process risks associated with raw materials, specifically the availability of iron ore from its mines. The renewal of mining leases is critical for maintaining a steady supply of essential resources, and any disruption could impact production capabilities and overall business performance.

Overall assessment:
Tata Steel's risk landscape is primarily influenced by geopolitical and governance factors. The recent regulatory changes in Odisha regarding mining licenses could significantly affect operational efficiency and resource availability. Ensuring compliance with emerging regulations while securing raw material supplies is essential for sustaining production and maintaining market competitiveness. Addressing these risks proactively will be crucial for the company's long-term stability and growth.",0.9038841128349304
118,"Risk summary for {'Tata'}

Environmental:
No specific environmental risks were identified in the provided comments.

Geopolitical:
The primary risk in this category is related to changes in government policies, particularly concerning mining leases. The extension of lease periods by the Odisha government is crucial; however, future amendments to mining regulations could significantly impact Tata's operational strategies and financial forecasts.

Governance:
Two significant risks are present here: regulatory compliance and operational continuity. Tata must navigate complex statutory requirements to avoid legal issues that could disrupt mining operations. Additionally, the extension of mining leases is vital for ensuring long-term access to necessary resources, which is critical for maintaining production levels.

Social:
No specific social risks were identified in the provided comments.

Overall assessment:
Tata faces notable risks primarily in the geopolitical and governance domains. The potential for policy changes in mining regulations could disrupt operational strategies, while the necessity for strict regulatory compliance poses a risk of legal and operational delays. Furthermore, the successful extension of mining leases is essential for securing raw materials, thereby supporting Tata’s long-term operational viability. Collectively, these factors underline the importance of proactive risk management in maintaining Tata's competitive position.","Risk summary for {'Tata'}

Environmental:
No specific environmental risks were identified in the provided annotations.

Geopolitical:
The primary risk in this category pertains to emerging regulations, particularly related to the Odisha government's recent extension of lease periods for mines. This regulatory change may impact operational continuity and compliance for Tata, necessitating timely execution of supplementary lease deeds to avoid disruptions.

Governance:
The governance risks highlighted involve process risks associated with raw materials. Specifically, the extension of leases for Tata's captive mines until 2030 is crucial; failure to secure further extensions could lead to a significant fuel crisis, jeopardizing production and operational efficiency.

Social:
No specific social risks were identified in the provided annotations.

Overall assessment:
Tata faces notable risks primarily in the geopolitical and governance domains, driven by regulatory changes and the management of raw material resources. The extension of mine leases is critical for sustaining operations, and any lapses in compliance or future extensions could lead to operational disruptions. Thus, proactive engagement with regulatory bodies and strategic planning for raw material sourcing are essential to mitigate these risks effectively.",0.9313111305236816
122,"Risk summary for {'Posco'}

Environmental:  
Posco faces risks related to climate change, particularly through its development of a new alloy that may enhance fuel efficiency in vehicles. Successful implementation could not only reduce carbon emissions but also enhance the company's reputation in sustainability, aligning with global regulatory trends.

Geopolitical:  
Currently, no geopolitical risks were identified in the provided comments. This suggests that Posco's operations may be insulated from immediate political instability or regulatory challenges that could affect its business environment.

Governance:  
The company's strategic performance is at risk due to its decision to collaborate on a new alloy development. While this partnership may foster innovation and align with long-term goals, it necessitates careful planning to ensure that the initiative complements Posco's broader strategic objectives and risk management practices.

Social:  
No social risks were noted in the comments. This indicates that Posco may not currently face significant challenges related to public perception, demographic shifts, or workforce dynamics.

Overall assessment:  
Posco is navigating a complex risk landscape, primarily characterized by environmental and governance challenges. The potential benefits of developing a new alloy could enhance its market position and align with sustainability goals, but the associated financial and strategic uncertainties require careful management. As the company ventures into innovative technologies, it must balance the potential disruptions to its existing product lines while ensuring that these initiatives support its long-term strategic vision.","Risk summary for {'Posco'}

Environmental:
No specific environmental risks have been identified in the current context. The focus remains on the technological advancements being explored, with no indication of environmental challenges or impacts.

Geopolitical:
There are no geopolitical risks associated with POSCO in this instance. The mention of POSCO relates solely to its potential collaboration in research, without any ties to political instability or regulatory issues.

Governance:
The analysis indicates a lack of governance risks for POSCO. The engagement in a trial collaboration suggests no current concerns regarding compliance, management performance, or strategic execution.

Social:
No social risks have been identified in relation to POSCO. The context of the collaboration does not present any threats to brand perception or workforce-related issues.

Overall assessment:
Currently, POSCO appears to be in a stable position with no significant risks identified across environmental, geopolitical, governance, or social categories. The company is mentioned solely as a collaborator in a research initiative, with no financial, operational, or regulatory concerns impacting its standing. This suggests a low-risk environment for POSCO at this stage, focused primarily on technological innovation.",0.882214367389679
131,"Risk summary for {'NLMK'}

Environmental:  
No environmental risks were identified in the provided annotations.

Geopolitical:  
The primary geopolitical risk for NLMK stems from government business policy, particularly the imposition of antidumping duties by the European Union on Russian products. This regulatory action directly impacts NLMK's ability to compete in the European market, risking a reduction in market share and revenue. Additionally, the company faces challenges in redirecting its sales to alternative markets, which may involve navigating complex regulatory environments.

Governance:  
No governance-related risks were noted in the annotations provided.

Social:  
No social risks were identified in the provided annotations.

Overall assessment:  
NLMK faces significant financial and geopolitical risks that could adversely affect its market position and revenue streams. The EU's antidumping duties pose a direct threat to its sales in Europe, necessitating strategic shifts to mitigate losses. Furthermore, the company's efforts to diversify into new markets, such as India and Turkey, introduce additional uncertainties regarding local demand and competition. Addressing these risks will be crucial for maintaining NLMK's financial performance and market competitiveness.","Risk summary for {'NLMK'}

Environmental:
No specific environmental risks were identified in the provided annotations.

Geopolitical:
The company faces risks related to government business policy, particularly concerning emerging regulations as it enters the Indian market. This could lead to operational challenges and compliance issues that may affect market entry and overall business strategy.

Governance:
There are no specific governance risks mentioned in the annotations provided, indicating a potential area of stability in terms of management and compliance.

Social:
No social risks are identified in the current annotations, suggesting that public perception and workforce-related factors may not be immediate concerns.

Overall assessment:
NLMK is currently navigating significant geopolitical risks, particularly in relation to emerging regulations as it expands into the Indian market. Additionally, the financial landscape is impacted by tariff disputes resulting from duties imposed by the European Union on Russian products, which could affect profitability and market access. The absence of environmental, governance, and social risks in the annotations suggests a focused risk profile, yet the geopolitical and financial challenges require careful monitoring and strategic management to mitigate potential impacts on the company's operations and market position.",0.907261073589325
132,"Risk summary for {'Tata'}

Environmental:
No specific environmental risks were identified in the current analysis. However, the potential impact of climate change and extreme weather events may pose future risks to operations and supply chains.

Geopolitical:
Tata Steel faces significant challenges due to unfavorable UK government policies, including high business rates and energy costs compared to European competitors. These regulatory hurdles exacerbate the company's operational difficulties and financial strain, limiting its ability to compete effectively in the market.

Governance:
The governance risks include potential operational closures that could threaten approximately 40,000 jobs at Tata Steel's Port Talbot plant, leading to reputational damage. Additionally, the strategic miscalculation in acquiring Corus has been acknowledged by the company as a failure, which has resulted in ongoing financial difficulties and a reassessment of its strategic direction.

Social:
No specific social risks were highlighted in the current analysis. However, the potential job losses from operational closures could lead to negative public perception and impact employee morale.

Overall assessment:
Tata Steel is currently navigating a complex landscape of financial and geopolitical risks. The financial strain from the acquisition of Corus, compounded by high operational costs and a challenging market environment, significantly impacts the company's performance. Geopolitical factors, particularly unfavorable government policies, further complicate its operational landscape. Governance issues, including potential job losses and strategic missteps, add to the urgency for Tata Steel to reassess its strategies and mitigate these risks effectively.","Risk summary for {'Tata'}

Environmental:
No specific environmental risks were identified in the provided annotations.

Geopolitical:
Tata faces risks from government policies that increase operational costs, particularly in the UK, where high electricity prices and inadequate responses to unfair trade practices from China impact competitiveness. These geopolitical factors threaten profit margins and the overall viability of Tata's operations in affected markets.

Governance:
The company is grappling with significant governance-related risks, including high pension liabilities that could complicate restructuring efforts and deter potential buyers. Additionally, outdated operational systems and poor strategic investment decisions, exemplified by the Corus acquisition, have resulted in financial stress and operational inefficiencies. The ongoing exit from the UK steel market signals a strategic retreat that could further undermine Tata's market position.

Social:
The potential closure of Tata’s UK operations poses substantial social risks, with around 40,000 jobs at stake. This situation threatens not only the livelihoods of employees but also the stability of local communities and economies, highlighting the broader social implications of Tata's operational challenges.

Overall assessment:
Tata is facing a multifaceted risk landscape characterized by financial instability, geopolitical pressures, governance challenges, and significant social implications. The company's high debt levels and negative investor sentiment are compounded by unfavorable government policies and strategic missteps. Additionally, the potential impact on employment and community stability from operational changes poses a critical challenge. Collectively, these risks necessitate a robust risk management strategy to navigate the current environment effectively.",0.908024251461029
135,"Risk summary for {'Tata'}

Environmental:  
No environmental risks were identified in the provided annotations.

Geopolitical:  
The geopolitical landscape presents risks primarily related to government business policy, particularly the implementation of protective trade measures. Such measures, including minimum import prices and anti-dumping duties, can bolster Tata Steel's competitive position in the domestic market by shielding it from foreign competition, thereby enhancing market share and pricing power.

Governance:  
No governance-related risks were noted in the provided annotations.

Social:  
No social risks were highlighted in the given comments.

Overall assessment:  
Tata Steel is currently positioned favorably with a positive outlook on domestic demand and stabilization of commodity prices, which are critical for its financial performance. The anticipated growth in steel consumption in India is expected to enhance sales, while protective trade measures from the government will support its market position against foreign competitors. However, the potential for market demand uncertainty due to oversupply remains a concern that could impact revenue in the long term. Overall, while there are several positive indicators, vigilance is required to navigate the inherent risks in the trading environment.","Risk summary for {'Tata'}

**Environmental:**
No specific environmental risks were identified in the provided comments. However, the company may face risks related to environmental regulations and resource availability in the future.

**Geopolitical:**
The primary geopolitical risk involves emerging regulations and tariffs, particularly the introduction of minimum import prices and anti-dumping duties on steel products. These measures could significantly impact Tata Steel's operational landscape, introducing uncertainties in compliance and market access.

**Governance:**
Governance risks are highlighted by process risks associated with demand volatility and supply management. As global demand for steel, particularly from China, is expected to rise, Tata Steel must navigate the complexities of managing supply chains amid fluctuating demand, which can be influenced by external market conditions.

**Social:**
No specific social risks were mentioned in the provided comments. However, potential risks related to workforce management and public perception may arise as the company navigates market changes.

**Overall assessment:**
Tata Steel faces a multifaceted risk landscape, with significant financial risks stemming from commodity price fluctuations that could affect profitability. Geopolitical uncertainties related to evolving regulations and tariffs may complicate market operations. Additionally, governance challenges related to managing demand volatility and supply chain dynamics necessitate careful oversight. Overall, these interconnected risks require strategic management to maintain market stability and operational efficiency.",0.8947842121124268
136,"Risk summary for {'Tata'}

Environmental:
No specific environmental risks were identified in the provided comments.

Geopolitical:
The risks in this class revolve around regulatory and political pressures, particularly concerning Tata Steel's road expansion project. The involvement of local political leaders indicates that regulatory challenges may arise, potentially affecting project timelines and overall business operations.

Governance:
Governance risks are highlighted by issues related to community relations. The dissatisfaction expressed by local stakeholders regarding the road project suggests a potential for strained relationships, which can lead to operational disruptions and affect the company's strategic objectives.

Social:
Social risks focus on brand perception, as the road expansion has led to discontent among local cultural groups. This negative sentiment can result in backlash against Tata, damaging its reputation and impacting customer loyalty.

Overall assessment:
Tata faces a multifaceted risk landscape, primarily influenced by geopolitical and governance factors. Regulatory pressures from local authorities could complicate project execution, while community dissatisfaction poses risks to stakeholder relationships and brand reputation. Addressing these risks proactively is essential for maintaining operational stability and public trust.","Risk summary for {'Tata'}

Environmental:
No specific environmental risks were identified in the provided annotations.

Geopolitical:
The geopolitical risks primarily involve potential changes in government regulations and the threat of license revocation, particularly concerning Tata Steel's road expansion project. This situation has led to community discontent, which could impact operational continuity and regulatory compliance.

Governance:
No specific governance risks were identified in the provided annotations.

Social:
The social risks center around brand perception and community opposition. The backlash from the Ganesh Puja committee regarding the road expansion project highlights the potential for negative public sentiment, which may affect Tata's reputation and stakeholder relationships.

Overall assessment:
Tata faces significant risks primarily in the geopolitical and social domains. The potential for changing regulations related to government policies poses a threat to operational plans, while community opposition to the road expansion project may harm the company's public image. Addressing these risks is essential to maintain regulatory compliance and uphold brand reputation within the communities it operates.",0.9298220872879028
138,"Risk summary for {'ThyssenKrupp'}

Environmental:
No specific environmental risks were identified in the provided comments. However, the overall economic impact of low steel prices, which may be influenced by environmental regulations and market conditions, could indirectly relate to environmental factors affecting the industry.

Geopolitical:
No geopolitical risks were noted in the comments. However, the context of low steel prices driven by overproduction in China hints at potential geopolitical tensions that could affect market dynamics and ThyssenKrupp's competitive position.

Governance:
The governance risks primarily involve process and strategic performance. ThyssenKrupp is facing operational challenges in its materials business, prompting the implementation of an efficiency program to enhance productivity. Additionally, the company's strategic pivot towards diversification aims to mitigate risks associated with reliance on the struggling materials segment, indicating a proactive approach to governance and risk management.

Social:
No social risks were explicitly mentioned in the comments. However, the company's financial struggles and operational adjustments may impact workforce morale and public perception, which are important social considerations.

Overall assessment:
ThyssenKrupp is currently facing significant financial risks, particularly related to its materials business, which has been adversely affected by low steel prices stemming from overproduction in China. This financial instability necessitates a robust governance strategy, including efficiency improvements and diversification efforts to reduce dependency on volatile market segments. While no explicit environmental or geopolitical risks were identified, the company's overall vulnerability to market fluctuations and operational challenges underscores the need for ongoing risk management and strategic adaptation.","Risk summary for {'ThyssenKrupp'}

Environmental:
No environmental risks were identified in the provided comments related to ThyssenKrupp.

Geopolitical:
No geopolitical risks were identified in the provided comments related to ThyssenKrupp.

Governance:
No governance risks were identified in the provided comments related to ThyssenKrupp.

Social:
No social risks were identified in the provided comments related to ThyssenKrupp.

Overall assessment:
ThyssenKrupp is currently facing significant financial risks, primarily stemming from aggressive competition and economic challenges. The company's performance has been adversely affected by China's overproduction in the steel industry, leading to low prices that undermine market stability and profitability. Additionally, the company reported a sharp decline in its financial outlook, driven by unfavorable conditions in the materials sector and fluctuations in commodity prices. These interconnected financial risks necessitate vigilant monitoring and strategic adjustments to mitigate their impact on the company's overall performance.",0.9044734239578247
139,"Risk summary for {'ThyssenKrupp'}

Environmental:
No environmental risks were identified in the provided information.

Geopolitical:
No geopolitical risks were identified in the provided information.

Governance:
No governance risks were identified in the provided information.

Social:
No social risks were identified in the provided information.

Overall assessment:
ThyssenKrupp faces significant risks primarily within the Technology class, specifically related to cyber threats. The company has experienced organized cyber attacks that have resulted in the theft of critical trade secrets, which could jeopardize its competitive edge and financial stability. Additionally, the sophistication of these attacks suggests potential vulnerabilities in their cybersecurity framework, raising concerns about future incidents that could disrupt global operations. The ongoing investigation into these breaches may uncover further weaknesses and could lead to legal challenges, highlighting the need for robust security measures moving forward. Overall, the current cyber landscape poses a critical risk to ThyssenKrupp's operational integrity and market position.","Risk summary for {'ThyssenKrupp'}

Environmental:  
No specific environmental risks were identified in the provided comments.

Geopolitical:  
No geopolitical risks were mentioned in the provided comments.

Governance:  
The company faces risks related to intellectual property due to a data breach that compromised sensitive project information. This incident could negatively impact ThyssenKrupp's competitive positioning and future project bids, highlighting vulnerabilities in their data protection and governance frameworks.

Social:  
No social risks were identified in the provided comments.

Overall assessment:  
ThyssenKrupp is currently exposed to significant risks primarily in the financial and technology domains. The breach of sensitive project data not only threatens their competitive advantage but also underscores weaknesses in their cybersecurity measures. As the company navigates the aftermath of this incident, it must enhance its data protection strategies to mitigate future risks and safeguard its market position.",0.9143158197402954
140,"Risk summary for {'ThyssenKrupp'}

Environmental:
No environmental risks were identified in the provided annotations.

Geopolitical:
ThyssenKrupp faces risks related to government business policy, particularly concerning the potential acquisition of Tata Steel's UK operations. The company's ability to proceed with the acquisition is contingent upon government support and intervention, which could significantly influence the deal's terms and feasibility.

Governance:
Management performance risks are evident as ThyssenKrupp's leadership must effectively navigate complex negotiations involving government stakeholders to secure a favorable acquisition. Additionally, strategic performance risks arise from the company's decision to withdraw from the acquisition discussions, reflecting potential misalignment between ThyssenKrupp's strategic objectives and Tata Steel's financial challenges.

Financial:
The company is exposed to significant financial risks, particularly related to Tata Steel's substantial pension liabilities and overall financial instability. These factors could adversely impact ThyssenKrupp's financial health if the acquisition proceeds without adequate risk mitigation strategies.

Overall assessment:
ThyssenKrupp is currently navigating a landscape fraught with financial, geopolitical, and governance risks associated with the potential acquisition of Tata Steel's UK business. The significant pension liabilities and financial losses of Tata Steel pose direct threats to ThyssenKrupp's financial stability. Additionally, the involvement of government policies and the need for effective management performance in negotiations further complicate this acquisition. A careful evaluation of these risks is essential for informed decision-making moving forward.","Risk summary for {'ThyssenKrupp'}

Environmental:
No specific environmental risks were identified in the provided annotations.

Geopolitical:
The company faces risks related to emerging regulations as it considers acquiring Tata Steel's UK operations. Changes in government policies, particularly concerning financial assistance and regulatory compliance, could impact ThyssenKrupp's strategic decisions and financial obligations, especially regarding the Steel Pension Scheme.

Governance:
ThyssenKrupp may encounter significant governance risks associated with pension management and strategic performance. The potential acquisition includes a pension scheme with a substantial deficit, which could impose considerable liabilities and necessitate careful fund management. Additionally, the complexities of mergers and acquisitions present challenges in ensuring a successful integration and operational alignment post-acquisition.

Social:
No specific social risks were identified in the provided annotations.

Overall assessment:
ThyssenKrupp is navigating a complex risk landscape as it contemplates the acquisition of Tata Steel's UK business. Financially, the company must consider the implications of ongoing losses and the broader economic challenges that could affect profitability. Geopolitically, emerging regulations and government policy changes pose additional uncertainties. Governance risks, particularly regarding pension liabilities and the strategic execution of the acquisition, are critical areas that require vigilant oversight to mitigate potential impacts on the company's financial health and operational integrity.",0.9183686375617981
142,"Risk summary for {'ThyssenKrupp'}

Environmental:
There are no specific environmental risks identified in the current analysis. However, the company may face indirect risks related to environmental factors, such as climate change or natural resource scarcity, which could impact its operations and supply chain in the long term.

Geopolitical:
No geopolitical risks have been noted in the provided comments. Nevertheless, geopolitical tensions and regulatory changes can influence ThyssenKrupp's international operations and market access, potentially affecting its competitiveness.

Governance:
ThyssenKrupp is facing several governance-related risks, including management performance pressures from activist investors, which can lead to rapid strategic changes. Additionally, uncertainty surrounding workforce restructuring poses operational risks, potentially disrupting productivity and employee morale. The ongoing restructuring efforts indicate broader strategic challenges as the company adapts to weak demand in key sectors.

Social:
No specific social risks have been identified in the comments. However, workforce-related uncertainties and the impact of restructuring on employee morale could have social implications for the company, affecting its reputation and operational efficiency.

Overall assessment:
ThyssenKrupp is currently navigating a complex landscape of financial and governance risks that threaten its operational stability and market position. Weak demand and fluctuating commodity prices are directly impacting financial performance, while pressures from activist investors and uncertainty in workforce restructuring highlight significant governance challenges. The need for strategic adaptation underscores the company's vulnerability to external and internal pressures, necessitating careful management to mitigate these risks effectively.","Risk summary for {'ThyssenKrupp'}

Environmental:
No specific environmental risks were identified in the provided annotations.

Geopolitical:
The geopolitical landscape presents risks through emerging regulations, particularly as ThyssenKrupp seeks to enter the Norwegian market for submarine contracts. Navigating new regulatory environments can complicate operations and introduce compliance challenges.

Governance:
ThyssenKrupp faces significant governance risks related to strategic performance, particularly due to ongoing restructuring efforts within its Industrial Solutions unit. The restructuring may exacerbate existing challenges in demand and operational efficiency, potentially leading to further financial instability.

Social:
Human capital risks are evident, particularly concerning the potential loss of key personnel amid restructuring discussions affecting a large workforce. Uncertainty regarding job security and potential cost implications could impact employee morale and operational continuity.

Overall assessment:
ThyssenKrupp is currently grappling with multiple financial challenges, including weak demand and fluctuating commodity prices, which have led to consecutive losses and a negative outlook. Geopolitical risks related to regulatory compliance in new markets, coupled with governance issues from ongoing restructuring, add layers of complexity to the company's operational landscape. Additionally, social risks associated with workforce stability further complicate the situation, necessitating careful management to navigate these intertwined risks effectively.",0.9125364422798157
145,"Risk summary for {'Posco'}

Environmental:
No environmental risks were identified in the provided annotations.

Geopolitical:
No geopolitical risks were identified in the provided annotations.

Governance:
The governance risks identified include legal and regulatory challenges stemming from potential scrutiny of management practices, which could expose Posco to compliance issues. Additionally, poor strategic decisions, such as misallocated investments in failing assets, highlight the need for effective management to avoid similar downfalls. Furthermore, the rejection of a strategic acquisition opportunity represents a missed chance for growth and operational enhancement, which could have benefited Posco's market position.

Social:
No social risks were identified in the provided annotations.

Overall assessment:
Posco faces several significant risks primarily within the governance and financial domains. Financial risks include high debt levels, commodity price fluctuations, and potential market capitalization declines, which could undermine financial stability and investor confidence. Governance-related risks emphasize the importance of sound management decisions and compliance with legal standards to mitigate potential pitfalls. Collectively, these risks necessitate a proactive approach to risk management to ensure sustainable operations and strategic growth.","Risk summary for {'Posco'}

Environmental:
No specific environmental risks were identified in the provided annotations.

Geopolitical:
The geopolitical risks primarily involve emerging regulations related to POSCO's investment in Australia, particularly in Arrium. The integration of POSCO's Finex technology at the Whyalla steelworks necessitates careful alignment with existing infrastructure, which could be impacted by regulatory changes and compliance issues.

Governance:
Governance risks are centered around strategic performance, specifically concerning mergers and acquisitions. POSCO's investment in Arrium represents a substantial financial commitment, which raises concerns about the potential for poor investment decisions and the implications of integrating a significant asset into its portfolio.

Social:
No specific social risks were identified in the provided annotations.

Overall assessment:
POSCO faces notable risks primarily in the geopolitical and governance classes. The company's strategic investment in Arrium introduces uncertainties related to regulatory compliance and the successful integration of new technologies. Additionally, the significant financial commitment involved raises concerns about the potential for poor investment outcomes. As POSCO navigates these challenges, it will need to ensure effective risk management to safeguard its financial performance and operational integrity.",0.9081931114196777
150,"Risk summary for {'NLMK'}

Environmental:
No environmental risks were identified in the provided data.

Geopolitical:
No geopolitical risks were identified in the provided data.

Governance:
Within the governance class, the focus is on management performance, particularly related to employee initiative and morale. The proactive actions of employees, such as charitable initiatives, suggest effective management practices that foster a positive internal culture. This reflects well on the company's governance, as high employee morale can lead to enhanced productivity and reduced turnover.

Social:
The social risks identified pertain to brand perception, specifically through positive community engagement. Employee-led charitable activities enhance NLMK's reputation and demonstrate a commitment to social responsibility. Such initiatives can strengthen community ties and improve public image, which are vital for maintaining customer loyalty and attracting talent.

Overall assessment:
NLMK currently faces risks primarily in governance and social dimensions, with a notable emphasis on employee morale and community engagement. The company's effective management practices appear to foster a positive workplace culture, while charitable initiatives bolster its reputation within the community. While no environmental or geopolitical risks were identified, maintaining and enhancing these positive aspects will be crucial for NLMK's long-term stability and growth.","Risk summary for {'NLMK'}

Environmental:
No environmental risks were identified in the news article, indicating that NLMK is currently not facing challenges related to natural factors or climate change impacts.

Geopolitical:
The article does not highlight any geopolitical risks, suggesting that NLMK is not currently affected by political instability, regulatory changes, or international tensions that could disrupt its operations.

Governance:
There are no governance-related risks reported, indicating that NLMK is not experiencing issues with compliance, management performance, or strategic execution that could impact its business operations.

Social:
The article emphasizes positive social contributions, specifically fundraising and charitable activities by NLMK employees. This reflects well on the company’s brand perception and demonstrates a commitment to social responsibility, which can enhance its reputation and stakeholder relationships.

Overall assessment:
Currently, NLMK appears to be in a stable position with no significant risks identified across environmental, geopolitical, governance, or social classes. The focus on charitable initiatives suggests a proactive approach to social responsibility, which may bolster its public image. Continuous monitoring of potential risks in these areas is advisable to maintain this positive trajectory.",0.9080483913421631
152,"Risk summary for {'NLMK'}

Environmental:
No environmental risks were identified in the provided annotations.

Geopolitical:
No geopolitical risks were identified in the provided annotations.

Governance:
The governance risks identified include strategic performance concerns stemming from significant shareholder actions. The sale of a 1.5% stake by Vladimir Lisin may indicate strategic shifts that could affect the company's long-term goals. This decision could also raise questions about NLMK's governance and decision-making processes.

Financial:
Financial risks include potential investor concerns and market volatility. The sale of a significant stake may signal a lack of confidence in NLMK's future, which could lead to heightened scrutiny from investors. Additionally, market volatility indicated by the share pricing and accelerated bookbuild may adversely impact stock performance and overall investor sentiment.

Overall assessment:
NLMK faces notable financial and governance risks primarily related to shareholder actions and market conditions. The sale of shares by a major investor could undermine confidence in the company's outlook, potentially influencing investor behavior and stock performance. Furthermore, strategic decisions reflected in these shareholder actions may indicate shifts that could challenge NLMK's long-term objectives. Addressing these risks will be crucial for maintaining stakeholder confidence and ensuring stable financial performance.","Risk summary for {'NLMK'}

Environmental:
No environmental risks have been identified in the current assessment.

Geopolitical:
No geopolitical risks have been identified in the current assessment.

Governance:
The primary governance risk identified is related to the company's outlook, specifically the sale of a 1.5% stake by Vladimir Lisin, a major shareholder. This action may signal a lack of confidence in the company's future prospects, potentially leading to negative perceptions among investors and impacting the company's market position.

Social:
No social risks have been identified in the current assessment.

Overall assessment:
NLMK faces a significant financial risk stemming from investor sentiment linked to the recent sale of shares by its controlling stakeholder. This action could create uncertainty regarding the company's future, which may adversely affect investor confidence and market performance. Without addressing these perceptions, NLMK could experience challenges in maintaining its market position and attracting future investments.",0.9290592670440674
153,"Risk summary for {'NLMK'}

Environmental:
No environmental risks were identified in the provided comments.

Geopolitical:
NLMK faces risks associated with the regulatory and operational landscape in India as it considers expansion. Navigating the complexities of a new market can lead to unforeseen challenges that may affect operational efficiency and compliance.

Governance:
The company is exposed to strategic risks related to its international expansion efforts. The decision to invest significantly in India necessitates careful execution and alignment with NLMK's overarching business strategy to ensure successful integration and mitigate potential setbacks.

Overall assessment:
NLMK's planned expansion into India introduces a blend of financial, geopolitical, and governance risks. The substantial investment raises concerns about potential returns and operational challenges in a new regulatory environment. Additionally, strategic execution risks must be managed effectively to align with the company's long-term objectives. Collectively, these factors underscore the importance of thorough risk assessment and management as NLMK pursues its growth strategy.","Risk summary for {'NLMK'}

Environmental:
No significant environmental risks were identified in the annotations provided.

Geopolitical:
NLMK faces several geopolitical risks associated with its planned expansion into India, including market entry challenges and political risks. The company must navigate unfamiliar political landscapes, local regulations, and potential policy changes that could impact its operations. Additionally, the need to comply with emerging regulations and local laws presents a significant operational hurdle that could affect investment outcomes.

Governance:
From a governance perspective, NLMK's proposed $1 billion investment in India raises concerns regarding strategic performance and capital management. The substantial financial commitment necessitates careful oversight to ensure that the investment yields expected returns, particularly in a volatile emerging market. Risks related to poor investment performance, such as project delays and cost overruns, could jeopardize the company's financial standing.

Overall assessment:
NLMK's expansion into India introduces a complex array of risks across geopolitical and governance categories. The company must contend with the uncertainties of entering a new market, including regulatory hurdles and political dynamics that could affect its operations. Additionally, the significant financial commitment requires robust management to mitigate the risks of poor investment returns. A comprehensive risk management strategy will be essential to navigate these challenges effectively.",0.9202929735183716
157,"Risk summary for {'Tata'}

Environmental:
No environmental risks were identified in the provided comments, indicating that Tata's current challenges are primarily focused on financial and governance aspects.

Geopolitical:
No geopolitical risks were noted in the annotations, suggesting that external political factors are not currently impacting Tata's operations or strategy.

Governance:
The governance risks center around management performance and strategic performance. There are concerns regarding the effectiveness of leadership in executing a restructuring plan aimed at strengthening the balance sheet. Additionally, the strategic decision to streamline the portfolio and reallocate capital may significantly impact operational focus and resource distribution.

Social:
No social risks were highlighted in the comments, indicating that societal factors are not presently a concern for Tata.

Overall assessment:
Tata faces notable financial risks, primarily related to its divestment strategy aimed at managing a substantial debt load and adapting to a slowing economic growth environment in India. Governance risks also loom, as the company's leadership must effectively implement strategic changes to optimize its portfolio and improve financial health. While environmental, geopolitical, and social risks are not currently present, the company's ability to navigate its financial and governance challenges will be critical for maintaining its market position and ensuring long-term stability.","Risk summary for {'Tata'}

Environmental:
No specific environmental risks were identified in the provided comments.

Geopolitical:
No geopolitical risks were mentioned in the provided comments.

Governance:
The governance risks include strategic performance issues related to divestitures and restructuring efforts, particularly concerning Tata Steel. The company's leadership is currently engaged in a portfolio review, indicating potential vulnerabilities in managing its diverse business operations effectively.

Financial:
Financial risks are primarily linked to the company's outlook, particularly the negative sentiment from investors due to high debt levels and operational challenges in certain sectors, notably Tata Steel. Additionally, the focus on debt management and capital allocation underscores the risk associated with financing and investment decisions, which could impact overall financial stability.

Overall assessment:
Tata Group faces significant risks primarily in the financial and governance domains. The reliance on Tata Consultancy Services and the substantial debt burden across various businesses create a precarious financial outlook, while ongoing strategic restructuring efforts reflect the need for effective management of its diverse portfolio. Without addressing these financial and governance challenges, Tata may encounter difficulties in maintaining investor confidence and achieving sustainable growth.",0.9080613851547241
159,"Risk summary for {'Tata'}

Environmental:
No environmental risks have been identified in the provided annotations.

Geopolitical:
No geopolitical risks have been identified in the provided annotations.

Governance:
No governance risks have been identified in the provided annotations.

Social:
The primary social risk identified relates to brand perception through positive community engagement. Tata Steel's participation in events like the Prajatiya Khadyotsav, which highlights agro-food diversity among various ethnic groups, enhances its reputation and fosters strong relationships with stakeholders. This commitment to cultural diversity and community involvement can mitigate potential reputational risks and strengthen public support.

Overall assessment:
Currently, the risk landscape for Tata is minimal, with no significant environmental, geopolitical, or governance risks reported. The company is actively managing its social risk through initiatives that enhance brand perception and community relations. By continuing to engage positively with local communities, Tata Steel can further solidify its reputation and mitigate any negative perceptions that may arise in the future.","Risk summary for {'Tata'}

Environmental:
No environmental risks have been identified in the current news article regarding Tata.

Geopolitical:
There are no geopolitical risks associated with the recent news about Tata, as the focus is solely on a food festival organized by the company.

Governance:
The article does not present any governance-related risks, as it centers on a positive event rather than any management or compliance issues.

Social:
The news highlights a food festival organized by Tata, which may enhance community engagement and brand perception. However, no specific social risks are noted in relation to this event.

Overall assessment:
The recent news regarding Tata primarily focuses on the organization of a food festival, presenting no significant risks across environmental, geopolitical, governance, or social categories. This positive initiative may bolster the company's brand image and community relations, indicating a stable operational environment at this time. There are no immediate concerns that could impact Tata's risk profile based on the information provided.",0.9039397835731506
160,"Risk summary for {'ThyssenKrupp'}

Environmental:
No specific environmental risks were identified in the provided comments.

Geopolitical:
No geopolitical risks were identified in the provided comments.

Governance:
The governance risks primarily stem from management performance and strategic performance related to ongoing merger negotiations with Tata Steel. The focus on these negotiations may distract management from essential operational and strategic priorities, potentially compromising overall company performance. Additionally, the merger itself could alter ThyssenKrupp's strategic direction and market position, introducing integration challenges and cultural differences.

Financial:
Financial risks are evident due to uncertainty surrounding ThyssenKrupp's financial performance amid merger discussions. This uncertainty can negatively affect investor confidence and the company's stock performance, as stakeholders may react to the potential volatility associated with the merger.

Overall assessment:
ThyssenKrupp is currently navigating a complex landscape marked by governance and financial risks linked to its potential merger with Tata Steel. The concentration of management efforts on this merger could detract from critical operational initiatives, while the uncertainty surrounding financial outcomes may impact investor sentiment and stock stability. Without effective risk management, these factors could hinder the company’s strategic objectives and overall market performance.","Risk summary for {'ThyssenKrupp'}

Environmental:
No environmental risks have been identified in the provided comments.

Geopolitical:
No geopolitical risks have been identified in the provided comments.

Governance:
The primary risk identified falls under the category of strategic performance, specifically related to mergers and acquisitions. ThyssenKrupp is in discussions to merge its European steel operations with Tata Steel, which presents potential risks associated with integration, regulatory approvals, and the overall success of the merger. Such strategic moves can significantly impact the company's operational efficiency and market positioning.

Social:
No social risks have been identified in the provided comments.

Overall assessment:
ThyssenKrupp is currently navigating a significant strategic risk associated with its potential merger with Tata Steel Europe. This merger could reshape the company's competitive landscape and operational dynamics, but it also carries inherent risks related to execution and regulatory scrutiny. As there are no identified risks in environmental, geopolitical, or social categories, the focus remains on ensuring the successful realization of this merger to enhance the company's market position and financial performance.",0.9196690917015076
161,"Risk summary for {'ThyssenKrupp'}

Environmental:
No environmental risks were identified in the provided annotations.

Geopolitical:
No geopolitical risks were identified in the provided annotations.

Governance:
The company is experiencing risks related to its strategic investment and performance. The decision to exit the Steel Americas venture, particularly the sale of the Brazilian steel mill, reflects a significant reassessment of ThyssenKrupp's investment strategy. This divestment indicates a shift towards focusing on more profitable sectors, highlighting the need to adapt to market conditions and operational challenges.

Financial:
ThyssenKrupp faces financial risks primarily from the substantial losses associated with its Steel Americas venture. The sale of the Brazilian steel mill, while generating 1.5 billion euros, may not sufficiently mitigate the overall financial impact, which stands at approximately 8 billion euros. This situation threatens the company’s financial health and could undermine investor confidence and future investment capabilities.

Overall assessment:
ThyssenKrupp is navigating significant risks primarily in the financial and governance domains. The substantial financial losses from its Steel Americas operations, coupled with a strategic pivot away from unprofitable ventures, present challenges to its financial stability and operational focus. The company's ability to successfully transition towards more lucrative sectors will be crucial in restoring investor confidence and ensuring long-term sustainability.","Risk summary for {'ThyssenKrupp'}

Environmental:
No environmental risks have been identified in the current analysis. The focus of the news article does not indicate any significant environmental challenges that could impact the company's operations or reputation.

Geopolitical:
There are no specific geopolitical risks noted in the news article. The report centers on ThyssenKrupp's strategic decision to divest from its Brazilian steel factory, which suggests a stable geopolitical environment for the company's ongoing operations.

Governance:
There are no governance-related risks highlighted in the provided information. The company appears to be making strategic decisions that enhance its profitability, particularly through its elevator sales, indicating effective governance practices.

Social:
No social risks are mentioned in the context of the article. The emphasis on profitability from elevator sales suggests a positive public perception and a stable workforce environment.

Overall assessment:
The current analysis indicates that ThyssenKrupp is navigating its business landscape effectively, with no identified risks across environmental, geopolitical, governance, or social categories. The decision to sell its Brazilian steel factory and refocus on elevator sales reflects a strategic pivot that may enhance financial performance. This proactive approach positions the company favorably in the market, mitigating potential risks associated with its previous operations.",0.8969249725341797
164,"Risk summary for {'ThyssenKrupp'}

Environmental:  
No environmental risks have been identified in the current analysis. 

Geopolitical:  
The primary geopolitical risk stems from Brexit-related uncertainty, which may disrupt trade and supply chains, impacting ThyssenKrupp's operations in the UK. This uncertainty poses a significant challenge as it could hinder access to key markets and affect overall business continuity.

Governance:  
Governance risks include the management of pension obligations and uncertainty surrounding the merger process. The transfer of pension obligations could strain the financial health of the joint venture if not executed effectively. Additionally, the ambiguity regarding the merger timeline and partners can lead to strategic instability, complicating long-term planning efforts.

Social:  
No social risks have been identified in the current analysis.

Overall assessment:  
ThyssenKrupp faces several financial and governance risks that could significantly impact its operational stability and market performance. The pension deficit and obligations present financial burdens that complicate the merger with Tata Steel, while geopolitical factors like Brexit introduce uncertainties that could disrupt trade. The combination of these risks necessitates careful management to ensure the successful integration of operations and maintain financial health.","Risk summary for {'ThyssenKrupp'}

Environmental:
No environmental risks were identified in the provided comments.

Geopolitical:
The primary geopolitical risk involves emerging regulations related to the merger between ThyssenKrupp and Tata Steel. Such regulations can significantly impact business operations, particularly in the context of a potential hard Brexit, which could necessitate adjustments in supply chains and market strategies, especially for Tata's operations in the UK.

Governance:
In terms of governance, the merger and joint venture between ThyssenKrupp and Tata Steel presents strategic performance risks. The success of this merger is critical, as it aims to achieve substantial cost savings and address overcapacity issues in the European steel market. Any failure in execution could lead to financial losses and hinder competitive positioning.

Social:
No social risks were identified in the provided comments.

Overall assessment:
ThyssenKrupp faces notable risks primarily in the geopolitical and governance classes due to its merger with Tata Steel. The potential for emerging regulations and the strategic performance of this joint venture are crucial for the company’s operational and financial success. These factors necessitate careful monitoring of regulatory developments and effective management of the merger process to mitigate risks and capitalize on expected savings.",0.9113273620605469
166,"Risk summary for {'Posco'}

Environmental:
No environmental risks have been identified in the provided annotations.

Geopolitical:
The geopolitical landscape poses significant challenges for Posco, particularly in the context of the business environment in Odisha. The company's difficulty in securing land for its projects highlights regulatory and operational barriers that could impede its expansion and operational stability in the region.

Governance:
Governance-related risks are evident in Posco's potential exit from the Odisha project, indicating a strategic misalignment or failure in executing its business plan. This situation suggests that the company may struggle with strategic performance, which could adversely affect its growth trajectory and market presence in India.

Overall assessment:
Posco faces a multifaceted risk landscape primarily characterized by geopolitical and governance challenges. The difficulties in land acquisition and the potential scrapping of the Odisha project could undermine the company's financial outlook and strategic execution in India. These factors collectively jeopardize Posco's long-term investment returns and operational viability in a critical market. Addressing these risks will be essential for maintaining its competitive position and ensuring sustainable growth.","Risk summary for {'Posco'}

Environmental:
No specific environmental risks were noted in the provided annotations.

Geopolitical:
The primary risk identified falls under the Government Business Policy category, specifically related to emerging regulations. Changes in land acquisition regulations have created uncertainty for Posco regarding the recovery of land previously acquired for development. This situation poses risks of project delays, community opposition, and potential financial losses due to the inability to utilize the land effectively.

Governance:
No specific governance risks were highlighted in the provided annotations.

Social:
No specific social risks were mentioned in the provided annotations.

Overall assessment:
Posco is currently facing significant geopolitical risks, particularly associated with emerging regulations affecting land acquisition. The uncertainty surrounding land recovery poses a threat to project viability, community relations, and financial performance. While no environmental, governance, or social risks were identified in this instance, the geopolitical landscape remains a critical area of concern that could impact the company's operations and strategic objectives.",0.8990610241889954
167,"Risk summary for {'Posco'}

Environmental: The company faces significant risks related to environmental degradation, particularly concerning the loss of biodiversity and deforestation linked to its projects. Such environmental impacts can lead to long-term ecological consequences, affecting both the company's operational sustainability and its reputation.

Geopolitical: Posco is confronted with regulatory and political challenges, exemplified by the prolonged public resistance and legal hurdles encountered during its project in India. These factors not only hinder project execution but also complicate the company's ability to navigate the local business environment, ultimately resulting in project cancellations.

Governance: The withdrawal from a $12 billion investment project represents a critical strategic failure for Posco, leading to substantial sunk costs and missed opportunities. This situation highlights risks associated with strategic performance and the potential for adverse effects on the company’s overall financial health.

Social: There are notable risks related to community and social unrest, primarily due to opposition from local populations affected by the company’s projects. Such unrest can disrupt operations and contribute to reputational damage, further complicating the company's efforts to execute its strategic objectives.

Overall assessment: Posco's risk landscape encompasses environmental, geopolitical, governance, and social dimensions, each posing significant challenges to its operational and financial stability. The combination of regulatory hurdles, community opposition, and strategic missteps underscores the need for a comprehensive risk management strategy. Addressing these interconnected risks will be crucial for improving investor confidence and ensuring the sustainability of future projects.","Risk summary for {'Posco'}

Environmental:
No environmental risks are identified in the current context, as the company has exited its involvement with the project in India and is not facing any ongoing environmental challenges.

Geopolitical:
There are no geopolitical risks associated with POSCO at this time. The news indicates that the company has completely withdrawn from the project in India, eliminating any potential risks stemming from political instability or regulatory changes in that region.

Governance:
Governance risks are absent in this situation, as POSCO's decision to exit the project has mitigated any concerns related to compliance, management performance, or strategic failures associated with the project.

Social:
No social risks are noted, given that POSCO's prior involvement in the project is now a closed chapter, thereby removing any potential issues related to public perception or workforce impacts.

Overall assessment:
Currently, POSCO faces no significant risks across environmental, geopolitical, governance, or social categories. The company's strategic exit from the project in India has effectively eliminated any operational or financial concerns that could have arisen from past engagements. As such, the risk landscape for POSCO appears stable and manageable at this time.",0.8840628862380981
170,"Risk summary for {'ArcelorMittal'}

Environmental:
No specific risks identified in this category.

Geopolitical:
No specific risks identified in this category.

Governance:
No specific risks identified in this category.

Social:
The primary risk identified relates to brand perception. ArcelorMittal's involvement in community initiatives, such as the Kinder Camp program, enhances its reputation by demonstrating a commitment to social responsibility. This positive public perception is vital for the company, as it can influence customer loyalty and overall brand strength.

Overall assessment:
Currently, ArcelorMittal faces minimal identified risks across the major risk classes, with a notable focus on social factors, particularly brand perception. The company's commitment to community engagement initiatives like the Kinder Camp program is a strategic asset that strengthens its reputation. However, it is essential for the company to remain vigilant in monitoring potential risks in other areas, such as environmental, geopolitical, and governance, to ensure comprehensive risk management.","Risk summary for {'ArcelorMittal'}

Environmental:
No environmental risks were identified in the news article. The focus was solely on the Kinder Camp program, which does not present any environmental concerns.

Geopolitical:
There are no geopolitical risks highlighted in the article. The content centers around a positive community initiative, indicating stability in this area.

Governance:
The article does not mention any governance risks. The Kinder Camp program reflects positively on the company's governance practices, showcasing its commitment to social responsibility without any compliance or management issues.

Social:
The article discusses the Kinder Camp program, which is a community engagement initiative supported by ArcelorMittal. This initiative enhances the company's brand perception and demonstrates its investment in social capital, which can mitigate potential reputational risks.

Overall assessment:
The news article presents a positive narrative regarding ArcelorMittal's involvement in the Kinder Camp program, indicating no immediate risks across environmental, geopolitical, governance, or social categories. The company's engagement in community initiatives enhances its public image and reflects a commitment to social responsibility. Overall, ArcelorMittal appears to be in a stable position with no significant risks reported at this time.",0.9064952731132507
171,"Risk summary for {'ArcelorMittal'}

Environmental:  
ArcelorMittal faces potential environmental liabilities from the Ilva plant, which has a history of corruption and environmental crime. The company may inherit significant cleanup costs and legal challenges due to past emissions that have adversely affected public health in the surrounding region.

Geopolitical:  
The company must navigate regulatory risks associated with the EU's anti-dumping measures on steel, which could alter the competitive landscape. While these measures may reduce competition from cheaper imports, they also raise the risk of retaliatory actions from affected nations.

Governance:  
Strategic performance risks are present as ArcelorMittal's acquisition of Ilva necessitates careful management of production capacity and pricing strategies. The need for a disciplined approach to pricing is critical to avoid market oversupply and ensure profitability in a volatile market.

Social:  
No specific social risks were identified in the provided comments, but the implications of environmental liabilities could impact ArcelorMittal's brand perception and stakeholder trust.

Overall assessment:  
ArcelorMittal is confronted with a multifaceted risk landscape involving environmental liabilities from potential acquisitions, regulatory challenges from geopolitical tensions, and strategic performance risks tied to market dynamics. The company's financial outlook is influenced by fluctuating steel prices and the need for prudent investment strategies. Effective risk management will be essential to navigate these challenges and sustain competitive advantage.","Risk summary for {'ArcelorMittal'}

Environmental:  
No specific environmental risks were identified in the annotations. However, potential risks related to climate change and extreme weather could impact operations and supply chains in the steel industry, although not explicitly mentioned.

Geopolitical:  
The geopolitical landscape presents risks primarily through emerging regulations and tariff disputes. The ongoing investigation by the Trump administration regarding the national security implications of foreign steel imports, coupled with anti-dumping and anti-subsidy duties, could significantly affect ArcelorMittal's market access and competitive positioning in Europe.

Governance:  
Governance risks are highlighted by challenges in strategic performance, particularly concerning mergers and acquisitions. The competition to invest in and upgrade a plant indicates potential vulnerabilities in investment decisions, which may impact the company's operational efficiency and market strategy if not managed effectively.

Overall assessment:  
ArcelorMittal faces a multifaceted risk landscape characterized by geopolitical tensions and regulatory challenges that could hinder its trading environment and market dynamics. Additionally, governance risks related to strategic investments may affect the company's ability to capitalize on market opportunities. To mitigate these risks, it is essential for ArcelorMittal to closely monitor regulatory changes and enhance decision-making processes regarding investments and acquisitions.",0.9079604744911194
173,"Risk summary for {'ArcelorMittal'}

Environmental:  
ArcelorMittal faces risks related to environmental degradation, particularly concerning its operations at Ilva. Local authorities have raised concerns about the company’s environmental plan, indicating it may not adequately protect public health or the environment. Such issues could result in increased operational costs or restrictions.

Geopolitical:  
The company is under scrutiny from EU antitrust authorities regarding its acquisition of Ilva, which may lead to regulatory challenges. This investigation could impose conditions that affect the acquisition's feasibility and profitability, potentially disrupting ArcelorMittal's strategic objectives.

Governance:  
Legal challenges surrounding the acquisition of Ilva present significant governance risks. The company is seeking contract modifications to mitigate these challenges, which could result in delays or financial losses, impacting its strategic plans.

Social:  
Public health concerns linked to emissions from Ilva pose a risk to ArcelorMittal's reputation. Reports of health issues associated with the plant could lead to legal repercussions and further regulatory scrutiny, affecting the company's public image and operational stability.

Overall assessment:  
ArcelorMittal is navigating a complex risk landscape characterized by environmental, geopolitical, governance, and social factors. Environmental degradation concerns and public health issues related to Ilva could lead to reputational damage and operational restrictions. Additionally, the ongoing EU antitrust investigation and legal challenges regarding the acquisition may affect the company's strategic direction and financial performance. The interplay of these risks necessitates careful management to safeguard the company’s market position and long-term viability.","Risk summary for {'ArcelorMittal'}

Environmental:
ArcelorMittal faces regulatory risks related to environmental compliance, particularly concerning its proposed acquisition of Ilva. Local authorities have challenged the environmental plan approved by the Italian government, which could lead to further delays or modifications of the deal if the court rules in their favor.

Geopolitical:
The company is exposed to risks from emerging regulations that could impact its business operations. The ongoing antitrust investigation by EU authorities regarding the Ilva acquisition raises concerns about potential legal challenges that could hinder ArcelorMittal’s strategic initiatives in Italy.

Governance:
Legal risks are significant for ArcelorMittal, as ongoing lawsuits and regulatory scrutiny surrounding the Ilva acquisition could delay the process or introduce additional penalties. Furthermore, the stalled acquisition presents strategic performance risks, as any delays or potential termination of the deal could adversely affect the company’s market position and financial forecasts.

Social:
ArcelorMittal's brand perception is at risk due to the negative media coverage surrounding Ilva, particularly concerning health and safety issues linked to the plant. The acquisition of a facility with such a troubled history could damage ArcelorMittal's reputation and affect its standing in terms of environmental, social, and governance (ESG) performance.

Overall assessment:
ArcelorMittal is navigating a complex risk landscape characterized by environmental regulatory challenges, geopolitical scrutiny, legal uncertainties, and potential reputational damage. The interplay of these risks could significantly impact the company's strategic decisions and financial stability, particularly regarding the acquisition of Ilva. Addressing these risks proactively will be crucial for maintaining market position and ensuring compliance with regulatory standards.",0.9202007055282593
175,"Risk summary for {'NLMK'}

Environmental:
No environmental risks were identified in the provided annotations.

Geopolitical:
NLMK faces risks related to government business policies, particularly the impact of Western sanctions on its operations. These sanctions may restrict the company's ability to access international markets, potentially hindering growth and operational efficiency.

Governance:
The company is currently developing a new expansion strategy and considering the issuance of Eurobonds, which poses strategic performance risks. The success of these initiatives is vital for NLMK's future growth and financial health, as any missteps could jeopardize its market position.

Financial:
NLMK is experiencing a decline in profits, with analysts predicting weaker earnings, which affects investor confidence and market standing. Additionally, economic variables such as steel price volatility and currency fluctuations present significant risks; falling steel prices and a weakening rouble could adversely impact revenue and profitability.

Overall assessment:
NLMK is navigating a complex risk landscape characterized by financial performance challenges, geopolitical pressures from sanctions, and governance-related strategic initiatives. Declining profits and external economic factors underscore the need for careful management of pricing and currency risks. The company's expansion strategy will be critical for future stability, but it must be executed with caution amid these external pressures.","**Risk summary for NLMK**

**Environmental:**  
No specific environmental risks were identified in the provided comments. However, the company operates in a sector sensitive to environmental regulations and climate change, which could pose future risks.

**Geopolitical:**  
NLMK faces geopolitical risks primarily from potential sanctions that could impact its export capabilities and access to financing. The ongoing geopolitical tensions, particularly related to Russia's actions in Ukraine, create uncertainties that could hinder business operations.

**Governance:**  
The company is exposed to process risks related to demand fluctuations in the steel market. Seasonal weakness in demand can disrupt revenue forecasting and production planning, necessitating operational flexibility and precise forecasting to mitigate impacts on profitability.

**Financial:**  
NLMK is experiencing several financial risks, including a decline in profitability and a negative outlook from investors due to decreased net profits and weak earnings expectations. Additionally, market demand uncertainty, particularly tied to the construction sector, poses a risk to sales volumes. The company also faces challenges from commodity price fluctuations and currency volatility, which can significantly affect revenue and profitability.

**Overall assessment:**  
NLMK is navigating a complex risk landscape characterized by financial pressures, geopolitical uncertainties, and operational challenges. The decline in profitability and investor sentiment, coupled with market demand uncertainties and external geopolitical factors, necessitates a proactive risk management approach. The company must enhance its operational flexibility and forecasting capabilities to mitigate these risks effectively while remaining vigilant to external influences that may impact its market position.",0.8944118022918701
176,"Risk summary for {'NLMK'}

Environmental:
NLMK faces risks associated with environmental factors primarily through commodity price volatility. The fluctuating prices of raw materials, particularly iron ore, can significantly impact production costs and profit margins, presenting a financial risk to the company’s stability.

Geopolitical:
Geopolitical risks are evident in the context of the domestic market recovery. While a recovering Russian market offers potential growth, uncertainties related to geopolitical tensions could hinder this recovery, posing risks to market stability and NLMK’s operational performance.

Governance:
Governance risks are highlighted by NLMK's expansion strategy, which involves acquiring foreign rolling plants to capitalize on emerging markets. This strategy, while potentially beneficial for growth, introduces risks related to integration challenges, cultural differences, and the possibility of overextending resources.

Social:
No specific social risks were identified in the provided comments.

Overall assessment:
NLMK is navigating a complex risk landscape characterized by financial pressures from commodity price volatility and global overcapacity, alongside geopolitical uncertainties tied to domestic market recovery. Additionally, the company's ambitious expansion strategy introduces governance-related risks that could impact successful integration and operational efficiency. These factors collectively necessitate careful monitoring and strategic management to mitigate potential adverse effects on NLMK's financial performance and market position.","Risk summary for {'NLMK'}

Environmental:
Currently, there are no identified environmental risks affecting NLMK. However, potential future environmental factors could arise from climate change or natural disasters that may impact operations.

Geopolitical:
NLMK faces risks associated with emerging regulations, particularly as lawmakers in the US and Europe are tightening policies to limit steel imports from specific producers. This regulatory environment poses challenges to the company's trade practices and could affect market access.

Governance:
The company is exposed to process risks stemming from demand volatility in the steel market. With a significant global oversupply and fluctuating demand, particularly in Europe, NLMK must navigate an uneven recovery, which complicates operational planning and inventory management.

Social:
No specific social risks have been noted in the provided information. However, shifts in public perception or societal trends could influence brand reputation and consumer behavior in the future.

Overall assessment:
NLMK is currently navigating a complex landscape of financial and geopolitical risks, particularly related to market demand uncertainty and regulatory changes. The company's financial performance is threatened by oversupply and fluctuating commodity prices, which could impact profitability. Additionally, governance challenges related to demand volatility necessitate careful operational management to mitigate risks associated with unpredictable market conditions. Addressing these risks will be crucial for maintaining competitiveness and ensuring sustainable growth.",0.9081935286521912
177,"Risk summary for {'NLMK'}

Environmental:
No specific environmental risks were identified in the provided annotations.

Geopolitical:
NLMK faces significant geopolitical risks, particularly related to trade tensions and government policies. The ongoing trade war has escalated, potentially leading to increased restrictions on international trade operations. Additionally, the prospect of high anti-dumping duties on Russian steel could severely restrict NLMK's ability to export to the U.S., directly impacting revenue streams.

Governance:
Governance risks are highlighted by the need for strategic performance adjustments, particularly in market diversification. As NLMK contemplates the implications of losing access to the U.S. market, it may need to invest in new markets to sustain its operations. This shift could necessitate substantial changes in strategy and resource allocation.

Social:
No specific social risks were identified in the provided annotations.

Overall assessment:
NLMK is currently navigating a challenging landscape characterized by geopolitical tensions and potential governance-related shifts. The escalation of trade conflicts poses risks to market access and revenue, particularly in the U.S. Additionally, the company's strategic need to diversify markets could lead to operational changes that require careful management. Overall, these factors present significant risks that could affect NLMK's financial performance and market position.","Risk summary for {'NLMK'}

Environmental:
No environmental risks were identified in the provided comments.

Geopolitical:
The primary risk identified in the geopolitical class is related to emerging regulations, specifically changes in anti-dumping measures in the U.S. market. This poses a risk for NLMK as it may affect the company's operational landscape and compliance requirements, potentially leading to increased costs or barriers to market access.

Governance:
No governance-related risks were highlighted in the comments.

Social:
No social risks were mentioned in the provided information.

Overall assessment:
NLMK faces notable geopolitical risks stemming from evolving U.S. regulations on anti-dumping measures, which could impact its market operations and compliance. While there are no current environmental, governance, or social risks identified, the company's exposure to potential tariff disputes signifies a need for ongoing monitoring of regulatory changes in key markets. The overall risk landscape suggests that while NLMK is not directly involved in the U.S. market for wire rod, shifts in trade policy could still have implications for its broader trading environment.",0.90765780210495
179,"Risk summary for {'NLMK'}

Environmental:
No environmental risks were identified in the provided annotations.

Geopolitical:
No geopolitical risks were identified in the provided annotations.

Governance:
No governance risks were identified in the provided annotations.

Social:
No social risks were identified in the provided annotations.

Overall assessment:
NLMK faces significant financial risks primarily related to its planned USD-denominated bond issuance. The company's strategy to raise capital through debt could influence its financial stability and increase its debt levels, which may lead to heightened interest obligations. Additionally, the success of this bond issuance is contingent upon prevailing market conditions; unfavorable market dynamics could adversely affect the terms and pricing of the bonds, thereby impacting NLMK's financial strategy and overall performance. As such, close monitoring of market trends and economic indicators will be essential for maintaining financial health.","Risk summary for {'NLMK'}

Environmental:
No environmental risks have been identified for NLMK at this time.

Geopolitical:
NLMK currently faces no geopolitical risks. The company has successfully engaged with major banks to facilitate investor meetings, indicating stability in its operational environment.

Governance:
There are no governance-related risks noted for NLMK. The company is actively managing its financial processes, including routine fixed-income issuance, and there are no indications of compliance or management issues.

Social:
NLMK does not exhibit any social risks at present. The absence of negative investor sentiment and the company's proactive engagement with financial institutions suggest a positive public perception.

Overall assessment:
NLMK appears to be in a stable position with no significant risks identified across environmental, geopolitical, governance, or social classes. The company's proactive financial management and strong credit ratings indicate a solid operational foundation. This stability is crucial for maintaining investor confidence and supporting future growth initiatives.",0.8905234336853027
181,"Risk summary for {'Tata'}

Environmental:  
Tata faces risks related to environmental degradation, particularly concerning pollution in local lakes. The ongoing contamination from various waste sources poses a threat not only to biodiversity but also to Tata's operations, especially if they are engaged in local projects that depend on a healthy ecosystem.

Geopolitical:  
While no specific geopolitical risks are noted in the comments, the potential for bureaucratic challenges in environmental projects suggests that regulatory environments could create obstacles for Tata. These hurdles may delay project approvals, impacting timelines and operational efficiency.

Governance:  
The company is exposed to process risks due to bureaucratic challenges in obtaining necessary clearances for environmental initiatives. These difficulties can complicate Tata's efforts to engage in sustainable projects, potentially leading to increased costs and delays.

Social:  
Tata's brand perception can be positively influenced by its involvement in corporate social responsibility (CSR) activities, such as environmental rehabilitation projects. Successful initiatives led by former executives can enhance the company's image as socially responsible, which is critical for maintaining stakeholder trust and support.

Overall assessment:  
Tata is navigating a complex risk landscape that includes environmental degradation, bureaucratic challenges, and the potential for enhanced brand perception through CSR efforts. While the environmental risks could impact operational sustainability, the company's proactive engagement in social initiatives may bolster its reputation. Addressing governance-related process risks will be essential to ensure timely project execution and maintain operational integrity.","Risk summary for {'Tata'}

Environmental:
The article highlights a positive environmental initiative led by the ex-Vice Chairman of Tata Steel, who transformed a polluted area into a revitalized lake. While this reflects well on the company's environmental stewardship, it does not indicate any current environmental risks.

Geopolitical:
No geopolitical risks are identified in the article. The focus is solely on the positive contributions of the former executive, with no mention of political instability or regulatory challenges affecting Tata.

Governance:
There are no governance-related risks mentioned in the article. The narrative centers around the achievements of the ex-Vice Chairman, indicating effective leadership rather than governance failures or compliance issues.

Social:
The article does not present any social risks. Instead, it underscores the positive impact of corporate leadership on community and environmental well-being, enhancing Tata's public image.

Overall assessment:
The article primarily emphasizes the commendable efforts of Tata Steel's former leadership in environmental rehabilitation, showcasing the company's commitment to sustainability. While no immediate risks are noted across any classes, the positive portrayal may enhance Tata's reputation and stakeholder engagement. Continuous monitoring of potential risks remains essential, despite the current lack of identified threats.",0.8809763789176941
184,"Risk summary for {'Tata'}

Environmental:
No environmental risks were identified in the provided comments.

Geopolitical:
No geopolitical risks were identified in the provided comments.

Governance:
The governance risks primarily involve legal disputes and strategic performance issues. Legal challenges from Renaissance Steel regarding Tata Steel's eligibility to bid introduce potential delays in acquisition processes, which may hinder Tata Steel's strategic objectives. Additionally, ongoing scrutiny and objections related to mergers and acquisitions could negatively impact Tata Steel’s growth and market position.

Financial:
The financial risks are centered around the company's outlook, specifically related to bid rejection. The decision by lenders to favor a competitor over Tata Steel for a significant acquisition opportunity could limit Tata Steel's ability to expand its operations and negatively affect its financial performance and strategic goals.

Overall assessment:
Tata Steel faces notable governance and financial risks primarily associated with its bid for Electrosteel Steels. Legal disputes regarding eligibility and strategic scrutiny from competitors could delay acquisitions and hinder growth. Additionally, the rejection of Tata Steel’s bid in favor of a rival poses a significant threat to its market position and future financial performance, necessitating close monitoring and strategic adjustments.","Risk summary for {'Tata'}

Environmental:
No environmental risks were identified in the provided annotations.

Geopolitical:
No geopolitical risks were identified in the provided annotations.

Governance:
The governance risks highlighted include potential litigation regarding Tata Steel's eligibility to bid for Electrosteel Steels, stemming from objections raised by Renaissance Steel. This legal challenge could hinder Tata Steel's strategic performance, particularly in terms of mergers and acquisitions, potentially stalling its expansion plans and affecting its competitive positioning in the market.

Social:
No social risks were identified in the provided annotations.

Overall assessment:
Tata Steel faces significant governance-related risks, particularly surrounding its bid for Electrosteel Steels. Legal challenges regarding eligibility could not only disrupt the acquisition process but also impact the company's strategic objectives and market positioning. Additionally, financial risks related to debt and credit, stemming from the acquisition's financial viability, could further complicate Tata Steel's operational landscape. Addressing these risks is crucial for maintaining the company's competitive edge and ensuring successful growth initiatives.",0.9230828285217285
187,"Risk summary for {'ThyssenKrupp'}

Environmental:
No environmental risks were identified in the provided annotations.

Geopolitical:
No geopolitical risks were noted in the provided annotations.

Governance:
The governance risks primarily revolve around management performance and strategic performance. Leadership instability, highlighted by the recent resignation of the chairman, poses a threat to the company's strategic direction and can erode investor confidence. Additionally, the necessity for job cuts as part of an operational overhaul reflects strategic restructuring risks that may negatively impact employee morale and operational efficiency. Furthermore, the uncertainty surrounding the search for a new chairman and an overall strategic direction could hinder effective long-term planning and execution.

Social:
No social risks were identified in the provided annotations.

Overall assessment:
ThyssenKrupp faces significant governance risks that could impact its operational performance and strategic trajectory. The instability in leadership, coupled with the need for restructuring and the lack of clarity in strategic direction, may undermine investor confidence and employee morale. Addressing these governance challenges is crucial for the company to align its operational capabilities with long-term objectives and to ensure sustainable performance in a competitive market environment.","Risk summary for {'ThyssenKrupp'}

Environmental:  
No specific environmental risks were identified in the comments provided.

Geopolitical:  
No geopolitical risks were noted in the annotations.

Governance:  
The company faces governance risks primarily related to its strategic performance. The ongoing restructuring and leadership changes, including the search for a new chairman, may affect ThyssenKrupp's stability and long-term strategic direction. These changes could introduce uncertainties that impact decision-making and operational effectiveness.

Social:  
Social risks are evident through potential human capital challenges, particularly concerning the loss of key personnel due to job cuts. Such workforce reductions may adversely affect employee morale and could negatively influence public perception of the company, ultimately impacting its brand reputation and operational effectiveness.

Overall assessment:  
ThyssenKrupp is navigating significant financial and governance challenges amid its restructuring efforts, which are influenced by the need to enhance profitability in a potentially contracting economy. The company's strategic direction is at risk due to leadership transitions, while the social implications of job cuts could harm employee morale and public image. Collectively, these factors underscore the importance of effective change management and communication strategies to mitigate risks and ensure organizational stability.",0.9150780439376831
188,"Risk summary for {'ThyssenKrupp'}

Environmental:
No environmental risks were identified in the provided annotations.

Geopolitical:
No geopolitical risks were identified in the provided annotations.

Governance:
Two primary governance risks are present. The resignation of the CEO has led to leadership instability, creating uncertainty that may disrupt decision-making processes and strategic continuity. Additionally, the company's resistance to activist shareholders could foster internal conflicts and misalignment in strategic goals, which may hinder overall performance and adaptability.

Social:
No social risks were identified in the provided annotations.

Overall assessment:
ThyssenKrupp currently faces significant governance risks, particularly related to leadership instability following the CEO's resignation and potential conflicts arising from resistance to activist shareholders. These issues may impact the company's strategic direction and operational effectiveness. While no immediate financial distress is indicated, there is pressure to reassess financial strategies in light of shareholder expectations, which could further complicate the company's governance landscape. Addressing these risks effectively will be crucial for maintaining stability and ensuring long-term performance.","Risk summary for {'ThyssenKrupp'}

Environmental:
No environmental risks were identified in the provided comments.

Geopolitical:
No geopolitical risks were identified in the provided comments.

Governance:
The company faces risks related to management performance, particularly following the resignation of its CEO, Heinrich Hiesinger. This leadership change may indicate instability and potential misalignment with shareholder expectations, which can undermine confidence in the company's strategic direction.

Social:
No social risks were identified in the provided comments.

Overall assessment:
ThyssenKrupp is currently navigating significant governance risks stemming from leadership changes and shareholder dissatisfaction. The resignation of the CEO has raised concerns about management stability and the company's strategic execution, particularly in relation to the handling of its valuable elevator unit. These factors could lead to a negative outlook among investors, potentially impacting the company's market position and financial performance. Addressing these governance challenges is crucial for restoring investor confidence and ensuring alignment with shareholder interests.",0.9360540509223938
189,"Risk summary for {'ThyssenKrupp'}

Environmental:
No environmental risks were identified in the provided annotations.

Geopolitical:
No geopolitical risks were identified in the provided annotations.

Governance:
The governance risks for ThyssenKrupp primarily stem from strategic performance challenges. The company's diverse business segments across mechanical, plant, and materials technologies may lead to complexities in maintaining a focused strategy, potentially hindering competitive advantage and operational efficiency.

Social:
No social risks were identified in the provided annotations.

Financial:
ThyssenKrupp faces significant financial risks, including mixed analyst ratings and a high price-to-earnings (PE) ratio. The varied ratings from analysts reflect uncertainty regarding the company's future performance, which can undermine investor confidence and stock price stability. Additionally, the elevated PE ratio suggests a potential overvaluation, increasing the risk of a market correction if earnings do not align with expectations.

Overall assessment:
ThyssenKrupp is currently navigating a landscape marked by financial uncertainty and governance challenges. The mixed analyst ratings indicate a lack of consensus on the company's future performance, which could impact investor confidence. Furthermore, the high PE ratio raises concerns about potential overvaluation. Compounded by the complexities of operating in diverse business segments, these factors could pose significant risks to the company's strategic focus and overall financial health.","Risk summary for {'ThyssenKrupp'}

Environmental:
No environmental risks were identified in the provided comments.

Geopolitical:
No geopolitical risks were identified in the provided comments.

Governance:
No governance risks were identified in the provided comments.

Social:
No social risks were identified in the provided comments.

Overall assessment:
ThyssenKrupp is currently facing significant financial risks, particularly related to investor sentiment and market volatility. Analysts have expressed mixed confidence in the company's outlook, with ratings ranging from sell to buy, indicating uncertainty about its future performance. Additionally, the company's share price has exhibited considerable volatility, reflecting divergent expectations among analysts and contributing to a challenging trading environment. This combination of factors poses a risk to the company's financial stability and market position.",0.9121922254562378
198,"Risk summary for {'ArcelorMittal'}

Environmental:
No environmental risks were identified in the provided data.

Geopolitical:
No geopolitical risks were identified in the provided data.

Governance:
The governance risks primarily involve regulatory compliance and strategic performance challenges. ArcelorMittal faces potential non-compliance issues related to scrutiny under bankruptcy laws, which could affect its ability to bid for assets. Additionally, the risk of an unsuccessful acquisition of Essar Steel due to ongoing legal challenges may impede the company’s strategic expansion efforts.

Financial:
Financial risks are centered around company-specific outlook and market crises. ArcelorMittal's previous financial difficulties as a shareholder in a distressed company raise concerns about its financial stability and reputation, particularly in light of its bid for Essar Steel, which is undergoing insolvency proceedings. The significant non-performing loans associated with Essar Steel further exacerbate the financial risks of this acquisition, potentially jeopardizing ArcelorMittal's financial health.

Overall assessment:
ArcelorMittal is currently navigating a complex landscape of financial and governance risks, particularly concerning its bid for Essar Steel. The company's past financial challenges and the insolvency status of Essar Steel create significant uncertainties around its financial stability and reputation. Additionally, regulatory scrutiny and legal challenges could hinder its strategic objectives, making the acquisition process fraught with risks that need careful management.","Risk summary for {'ArcelorMittal'}

Environmental:
No environmental risks were identified in the provided annotations.

Geopolitical:
No geopolitical risks were identified in the provided annotations.

Governance:
The governance risks primarily involve litigation, specifically regulatory disputes related to ArcelorMittal's bidding activities. The company faces legal challenges under India's amended bankruptcy laws, which could impact its ability to proceed with acquisitions and create uncertainty regarding compliance and operational strategy.

Social:
No social risks were identified in the provided annotations.

Financial:
Financial risks include competitive bidding pressure, as ArcelorMittal is competing with Tata Steel and Numetal, which may increase acquisition costs and create uncertainty around deal success. Additionally, the company faces bankruptcy exposure due to its historical ties with distressed entities, potentially affecting its reputation and eligibility in future bidding processes.

Overall assessment:
ArcelorMittal is currently navigating a landscape marked by significant financial and governance risks. The competitive environment for acquisitions poses challenges in terms of cost and strategic positioning, while past associations with bankrupt entities could tarnish the company's reputation and limit its opportunities. Furthermore, ongoing regulatory disputes add a layer of complexity that could hinder operational effectiveness and decision-making. Addressing these risks will be crucial for maintaining market stability and ensuring successful business operations.",0.9193670749664307
199,"Risk summary for {'ArcelorMittal'}

Environmental:
No environmental risks were identified in the provided annotations.

Geopolitical:
The primary geopolitical risk involves regulatory challenges within India, where ongoing legal proceedings may create uncertainties and delays for ArcelorMittal's acquisition plans. This could hinder strategic operations and complicate market positioning in a key region.

Governance:
In the governance category, there is a notable risk related to non-compliance with debt obligations. ArcelorMittal must address outstanding debts to creditors to remain competitive in the bidding for Essar Steel. This financial strain could impact compliance and overall operational capability.

Social:
No social risks were identified in the provided annotations.

Overall assessment:
ArcelorMittal faces significant risks primarily in the geopolitical and governance domains. Regulatory challenges in India could delay strategic acquisitions, while the need to manage debt obligations poses financial compliance risks. The competitive bidding environment further complicates the financial outlook, potentially increasing acquisition costs and impacting the company's overall financial strategy. These factors collectively highlight the need for careful risk management to navigate the complexities of the current market landscape.","Risk summary for {'ArcelorMittal'}

Environmental:  
No environmental risks were identified in the provided annotations.

Geopolitical:  
There are no geopolitical risks highlighted in the comments.

Governance:  
The company faces significant governance risks, particularly in the areas of litigation and strategic performance. Ongoing legal disputes pose a risk to ArcelorMittal's operational stability and financial resources, as the outcomes may adversely affect the company's reputation and financial commitments. Additionally, challenges related to mergers and acquisitions could lead to liquidity issues, especially given the competitive landscape and potential delays in finalizing transactions.

Social:  
There are no social risks noted in the comments.

Overall assessment:  
ArcelorMittal is currently navigating a competitive environment that intensifies pressure on its strategic decisions, particularly in mergers and acquisitions. The ongoing legal disputes pose additional governance challenges that could impact the company's financial stability and market position. The interplay of these risks necessitates careful management to mitigate potential adverse effects on the company's operations and overall performance.",0.9106088876724243
202,"Risk summary for {'NLMK'}

Environmental:
NLMK faces risks associated with commodity price fluctuations, particularly in steel prices, which significantly impact its financial performance. A decline in these prices could adversely affect earnings, highlighting the company's vulnerability to market dynamics.

Geopolitical:
No specific geopolitical risks were identified in the provided comments, indicating that current operations may be stable concerning political and regulatory environments.

Governance:
The company is exposed to risks related to market expectations, as exceeding analyst forecasts may not be sustainable in the long term. This could lead to potential volatility in investor confidence and stock value if future performance does not meet these expectations.

Social:
No social risks were noted in the comments, suggesting that public perception and workforce-related issues are currently not significant concerns for NLMK.

Overall assessment:
NLMK is primarily at risk from financial factors, especially commodity price fluctuations and market expectations, which could influence its earnings and investor confidence. While there are no immediate geopolitical or social risks identified, the company's reliance on market conditions for its financial performance underscores the need for vigilant monitoring of economic trends and pricing dynamics in the steel industry. This landscape necessitates proactive risk management strategies to safeguard against potential downturns.","Risk summary for {'NLMK'}

Environmental:
No environmental risks were identified in the article, indicating a stable operational context regarding natural or environmental factors.

Geopolitical:
The article does not highlight any geopolitical risks for NLMK, suggesting that the company is currently navigating its international operations without significant political or regulatory challenges.

Governance:
There are no governance-related risks mentioned, implying that NLMK is effectively managing its compliance, strategic direction, and operational performance.

Social:
The article presents no social risks, indicating that NLMK is perceived positively in terms of brand reputation and workforce stability.

Overall assessment:
The article reflects a favorable outlook for NLMK, with no identified risks across environmental, geopolitical, governance, or social categories. This positive narrative suggests strong performance and stability, positioning the company well for future growth and resilience in its operations. The absence of risks indicates effective management practices and a favorable market environment.",0.8942518830299377
204,"Risk summary for {'NLMK'}

Environmental:
No environmental risks were identified in the provided annotations.

Geopolitical:
NLMK faces significant geopolitical risks, particularly related to government business policies. The imposition of tariffs has severely impacted the company's planned investments in the US, threatening operational stability and job security for its workforce. This creates a precarious situation that could affect NLMK's market presence and overall business viability in the region.

Governance:
From a governance perspective, NLMK's strategic performance is at risk due to its dependency on tariff exemptions. The uncertainty surrounding the approval of these exemptions could lead to operational challenges and potential workforce reductions, thereby complicating management's decision-making processes and long-term planning.

Social:
No specific social risks were identified in the provided annotations.

Overall assessment:
NLMK is currently navigating a complex risk landscape characterized by geopolitical and governance challenges. The company's financial outlook is jeopardized by halted investments and volatile pricing in the steel market, compounded by the adverse effects of tariffs. This situation not only threatens its operational stability but also raises concerns about its strategic direction and workforce management in the US. Addressing these risks will be crucial for maintaining NLMK's competitive position and ensuring sustainable growth.","Risk summary for {'NLMK'}

Environmental:
No environmental risks were identified in the provided annotations.

Geopolitical:
The primary geopolitical risk for NLMK stems from the potential impact of US sanctions, which could hinder their operations and market access. Such sanctions can create significant challenges in navigating international trade and compliance, thereby affecting the company's strategic positioning.

Governance:
NLMK faces governance risks related to process management, specifically concerning supply chain operations due to a global supply shortage. This situation can disrupt production and lead to inefficiencies, impacting overall operational effectiveness and financial performance.

Social:
The company is experiencing social risks linked to human capital, particularly with the loss of key personnel resulting from layoffs. This can affect morale, productivity, and the company's ability to execute its strategic initiatives effectively.

Overall assessment:
NLMK is currently navigating several risks across different classes. Geopolitical tensions, particularly related to sanctions, pose a significant threat to market operations. Governance challenges, particularly in supply chain management, can disrupt production and operational efficiency. Additionally, social risks associated with workforce reductions may hinder the company's strategic capabilities. Collectively, these risks highlight the need for NLMK to enhance its risk mitigation strategies to safeguard its operational stability and market position.",0.9128099679946899
211,"Risk summary for {'ThyssenKrupp'}

Environmental:
No environmental risks were identified in the provided annotations.

Geopolitical:
The primary geopolitical risk stems from government business policy, particularly the need for regulatory approval of the joint venture with Tata Steel. This approval is crucial for Thyssenkrupp's strategic plans, and any delays or rejections could hinder the company's operational timelines and overall business strategy.

Governance:
In terms of governance, Thyssenkrupp faces risks related to strategic performance, especially concerning its breakup plans. The decision to restructure could lead to operational inefficiencies and affect the company’s market focus. The potential failure of the joint venture with Tata Steel further complicates this, as it may necessitate significant strategic adjustments.

Social:
No social risks were identified in the provided annotations.

Overall assessment:
Thyssenkrupp is navigating a complex risk landscape characterized by significant geopolitical and governance challenges. The reliance on regulatory approval for its joint venture with Tata Steel poses a critical risk to its strategic initiatives. Additionally, the company's plans for restructuring could impact operational efficiency and market positioning. These factors collectively contribute to a heightened level of uncertainty that could affect Thyssenkrupp's financial performance and strategic viability.","Risk summary for {'ThyssenKrupp'}

Environmental:
No environmental risks were identified in the provided comments.

Geopolitical:
No geopolitical risks were identified in the provided comments.

Governance:
The company faces risks related to strategic performance, particularly concerning its plans to restructure and potentially break up its operations. The pursuit of a joint venture with Tata Steel poses a risk, as failure to secure regulatory approval could hinder the company's strategic objectives and impact its overall business direction.

Social:
No social risks were identified in the provided comments.

Overall assessment:
ThyssenKrupp is currently navigating significant governance risks associated with its strategic restructuring efforts. The potential failure to establish a joint venture with Tata Steel may impede its operational plans, thereby affecting its long-term viability and market position. As the company presses on with its breakup strategy, it must carefully manage these risks to ensure alignment with its overall business goals and mitigate any adverse impacts on its performance.",0.9270179271697998
212,"Risk summary for {'ThyssenKrupp'}

Environmental:  
No specific environmental risks were identified in the provided comments.

Geopolitical:  
No geopolitical risks were mentioned in the provided comments.

Governance:  
The governance risks primarily revolve around management performance, particularly the pressure on leadership to enhance shareholder value amidst declining share prices. The CEO's struggle to navigate the challenges posed by market conditions, including a weakening automotive sector, could lead to strategic missteps that affect the company's trajectory.

Financial:  
ThyssenKrupp faces multiple financial risks, including a weakening automotive market that threatens its capital goods revenue and profitability. Economic and political uncertainties further complicate the business landscape, potentially diminishing demand and financial performance. Additionally, the company is experiencing share price declines due to concerns about its ability to meet profit targets, coupled with strategic risks associated with its ongoing restructuring efforts, which may disrupt operations and hinder financial goals.

Overall assessment:  
ThyssenKrupp is navigating a complex risk environment characterized by financial pressures stemming from a declining automotive market and broader economic uncertainties. Governance challenges, particularly in leadership effectiveness and shareholder management, compound these financial risks. The ongoing restructuring efforts introduce strategic uncertainties that could impact operational stability and long-term performance. Collectively, these factors necessitate vigilant oversight and adaptive strategies to mitigate potential adverse effects on the company's market position and financial health.","Risk summary for {'ThyssenKrupp'}

Environmental:
No specific environmental risks were identified in the provided annotations.

Geopolitical:
The company faces risks associated with political uncertainty and emerging regulations. Political instability and economic uncertainties can negatively impact Thyssenkrupp's operations and market performance. Additionally, stricter anti-pollution regulations in Europe may hinder production capabilities and affect sales.

Governance:
Thyssenkrupp is currently navigating significant governance risks related to strategic performance, particularly due to its ongoing restructuring efforts. The planned joint venture with Tata Steel and the separation of its elevator and engineering units pose challenges that could affect the company's operational efficiency and market positioning.

Social:
No social risks were identified in the provided annotations.

Overall assessment:
Thyssenkrupp is experiencing a multifaceted risk landscape, primarily characterized by financial challenges stemming from a negative investor outlook, economic downturns, and market crises. Geopolitical uncertainties, including political instability and regulatory changes, further complicate the operational environment. The company's strategic restructuring and joint ventures may provide opportunities but also introduce additional governance risks that need careful management to ensure successful navigation through these turbulent times.",0.9037160277366638
215,"Risk summary for {'Posco'}

Environmental: 
The primary risk identified is related to extreme weather events, which can disrupt the supply chain by impacting the availability of raw materials and transportation. Such disruptions could lead to significant operational challenges for POSCO, especially given the fluctuations in global steel output.

Geopolitical: 
No specific geopolitical risks were noted in the provided comments. However, the absence of geopolitical risks may indicate a current stability in the regions where POSCO operates, which is a positive sign for the company.

Governance: 
There are no direct governance risks mentioned in the annotations. Nonetheless, the operational impact of incidents, such as the explosion at the steel mill, highlights the importance of effective management and compliance to maintain safety and operational continuity.

Social: 
No social risks were explicitly identified. However, the explosion incident raises concerns related to human capital and brand perception, as safety issues can affect employee morale and public image.

Overall assessment: 
POSCO faces several risks primarily centered around environmental and operational factors. Extreme weather could disrupt supply chains, while fluctuations in coking coal prices present financial uncertainties. Moreover, the recent explosion at a steel mill underscores the need for robust safety measures and effective governance to mitigate operational disruptions and protect the company's reputation. Collectively, these risks necessitate ongoing monitoring and strategic planning to ensure resilience and stability in POSCO's operations.","Risk summary for {'Posco'}

Environmental:
No specific environmental risks were identified in the provided comments.

Geopolitical:
The company faces risks from potential changes in government policies regarding tariffs and regulations, particularly related to coking coal and steel production. As demand for steelmaking raw materials fluctuates, these emerging regulations could significantly impact POSCO's operational landscape.

Governance:
Governance risks are notable, particularly concerning occupational health and safety due to a recent explosion at the Gwangyang steel mill, which resulted in injuries and operational disruptions. Additionally, there are process risks associated with a global shortage of raw materials, notably coking coal, which could affect production capabilities and financial performance.

Social:
No specific social risks were identified in the provided comments.

Overall assessment:
POSCO is currently navigating several financial and governance risks that could adversely affect its operations and financial health. Economic indicators suggest a contraction in crude steel output, which, coupled with fluctuating commodity prices, may impact profitability. Furthermore, governance challenges related to workplace safety and potential regulatory changes pose additional risks. Collectively, these factors highlight the need for robust risk management strategies to mitigate potential adverse effects on the company's performance.",0.906399130821228
218,"Risk summary for {'Posco'}

Environmental:
No significant environmental risks were identified in the comments provided.

Geopolitical:
Posco faces regulatory and policy uncertainties related to its potential investments in India, particularly concerning iron-ore linkage and incentives for foreign companies. These uncertainties could hinder decision-making and operational planning, making it essential for Posco to navigate the local regulatory landscape effectively.

Governance:
The formation of joint ventures with local partners like RINL introduces strategic performance risks, including possible misalignment of objectives and cultural differences that may impact operational efficiency. Posco must ensure alignment in goals and management practices to mitigate these risks and achieve successful collaboration.

Social:
No specific social risks were identified in the comments provided.

Overall assessment:
Posco is navigating a complex landscape as it explores investment opportunities in India. The company faces geopolitical risks stemming from regulatory uncertainties that could affect its operational strategies. Additionally, governance risks associated with joint ventures may challenge its strategic alignment and operational efficiency. Furthermore, the expectation for technology transfer raises concerns about maintaining competitive advantages. Addressing these risks will be crucial for Posco's successful market entry and long-term performance in India.","Risk summary for {'Posco'}

Environmental:
No specific environmental risks were identified in the provided comments.

Geopolitical:
The primary risk identified is related to government business policy, specifically the emergence of new regulations in India. This poses a risk for Posco as it may impact investment strategies and operational compliance in the region, potentially affecting market access and profitability.

Governance:
No governance-related risks were highlighted in the provided comments.

Social:
No social risks were mentioned in the provided comments.

Overall assessment:
Posco faces notable geopolitical risks, particularly concerning emerging regulations in India that could influence its investment decisions and operational framework. The lack of identified risks in environmental, governance, and social categories suggests a focused risk landscape, primarily driven by regulatory changes. It is essential for Posco to monitor these geopolitical developments closely to mitigate potential impacts on its business operations and strategic objectives.",0.9113893508911133
219,"Risk summary for {'Posco'}

Environmental:
No environmental risks were identified in the provided annotations.

Geopolitical:
The primary risk in this class stems from potential changes in government business policies, particularly regarding regulations and trade in South Korea. Such changes could disrupt the operations of the joint venture and hinder Posco's strategic goals in the lithium market.

Governance:
Posco faces strategic performance risks associated with its joint venture initiatives, specifically concerning market entry and expansion. The reliance on external financing for investments in these ventures can exacerbate risks if market conditions shift or if the partnerships do not generate the anticipated returns.

Social:
No social risks were identified in the provided annotations.

Overall assessment:
Posco is currently navigating several financial risks, particularly related to its joint venture in lithium processing, which involves substantial financial commitments. Market demand fluctuations and commodity price volatility in the lithium sector could further complicate its economic outlook. Additionally, geopolitical factors, especially regulatory changes in South Korea, pose significant risks to the success of its strategic initiatives. Collectively, these factors underscore the need for careful monitoring and risk management to safeguard Posco's financial stability and strategic objectives.","Risk summary for {'Posco'}

Environmental:
No specific environmental risks were identified in the provided comments. However, the potential for emerging regulations related to environmental concerns in India could indirectly impact operational expansion.

Geopolitical:
The company faces risks associated with government business policies, particularly as it seeks expansion in India. New regulations regarding environmental standards, labor laws, and industrial policies could pose challenges that may complicate or delay operations.

Governance:
POSCO's strategic performance is at risk due to the formation of joint ventures, particularly with Pilbara Minerals in South Korea. The complexities of managing joint ventures can lead to misalignment in strategic goals, execution challenges, and performance issues, which could jeopardize project success.

Social:
No specific social risks were noted in the comments. However, the implications of regulatory changes in India may also affect public perception and community relations, which are critical for operational success.

Overall assessment:
POSCO is navigating a multifaceted risk landscape as it pursues significant expansion initiatives. Financially, competition for resources and uncertain economic conditions in India could hinder growth. Geopolitically, emerging regulations may introduce complexities that impact operations. Governance risks related to joint ventures highlight the challenges of strategic alignment and execution. Collectively, these risks necessitate careful management to ensure successful expansion and sustained performance.",0.9065091609954834
220,"Risk summary for {'ArcelorMittal'}

Environmental:
No specific environmental risks were identified in the provided annotations.

Geopolitical:
The acquisition of Essar Steel is influenced by India's Insolvency and Bankruptcy Code, which presents regulatory risks. Changes in this legal framework could hinder ArcelorMittal's operational strategies and overall business performance in India.

Governance:
The acquisition has faced multiple rounds of litigation, highlighting potential legal risks that could complicate the transaction and delay strategic objectives. Additionally, the move is seen as a strategic effort to enhance ArcelorMittal's presence in India, which carries inherent risks related to market entry, integration, and achieving growth targets.

Social:
The operational changes stemming from the acquisition may significantly affect the workforce and local communities. This includes potential impacts on employment and community relations, which could lead to social instability in the regions where Essar Steel operates.

Overall assessment:
ArcelorMittal's acquisition of Essar Steel presents a complex risk landscape. Financially, the significant investment and capital expenditure plans entail substantial risk regarding their successful integration and return on investment. Geopolitically, regulatory challenges could impact operational strategies in India, while governance issues related to litigation may affect strategic timelines. Additionally, social implications from operational changes could influence community relations and workforce stability. Collectively, these risks necessitate vigilant management to ensure successful outcomes from this strategic initiative.","Risk summary for {'ArcelorMittal'}

Environmental:  
No environmental risks were identified in the provided comments.

Geopolitical:  
The primary geopolitical risk arises from legal and regulatory challenges associated with the acquisition process, which has already faced extensive litigation. Such hurdles could impede future expansions or lead to disputes that may disrupt operations.

Governance:  
ArcelorMittal faces significant governance risks related to process and strategic performance, particularly concerning the integration of operations following its merger with Essar Steel and the partnership with Nippon Steel. The complexities of merging different corporate cultures and management strategies could hinder operational efficiency and decision-making.

Financial:  
Financial risks include a negative outlook from investors due to concerns over high debt leverage resulting from substantial acquisitions and capital expenditures. Additionally, ambitious expansion plans carry execution risks and potential market vulnerabilities, as they require careful management to realize their intended benefits.

Overall assessment:  
ArcelorMittal is navigating a landscape marked by substantial financial and governance risks, particularly related to its recent acquisitions and expansion plans. Legal challenges in the geopolitical sphere further complicate its operational landscape. The combination of high debt levels and the complexities of integrating diverse corporate cultures may impact the company's strategic objectives and financial stability. Addressing these risks effectively will be crucial for sustaining growth and maintaining investor confidence.",0.8934792280197144
221,"Risk summary for {'ArcelorMittal'}

Environmental:
No environmental risks have been identified in the current context.

Geopolitical:
No geopolitical risks have been identified in the current context.

Governance:
The governance risks identified include potential litigation related to ArcelorMittal's acquisition of Essar Steel. Legal challenges from competing interests, particularly from Essar Steel Asia Holdings, could complicate or delay the acquisition process, posing a threat to the company’s strategic objectives and financial investments.

Financial:
Financial risks include the implications of acquiring a heavily indebted company like Essar Steel, which is under bankruptcy proceedings. This acquisition could strain ArcelorMittal’s financial stability due to the significant debt and operational costs involved. Additionally, a competing bid for Essar Steel poses a risk to the company's market strategy, as losing the acquisition could hinder its expansion efforts in India.

Overall assessment:
ArcelorMittal faces a complex landscape of risks primarily associated with its governance and financial strategies in the context of acquiring Essar Steel. The potential for legal challenges could delay the acquisition process, while the financial burdens of managing a debt-laden company may impact the firm's stability. Furthermore, competition for the acquisition underscores the strategic importance of this move, making it critical for ArcelorMittal to navigate these risks effectively to maintain its market position.","Risk summary for {'ArcelorMittal'}

Environmental:
No environmental risks were identified in the provided comments.

Geopolitical:
No geopolitical risks were identified in the provided comments.

Governance:
The company faces legal disputes related to ongoing litigation with Essar Steel Asia Holdings, which may complicate bankruptcy and insolvency proceedings. Additionally, the resistance from Essar Steel to ArcelorMittal's acquisition bid presents strategic performance risks, as it could lead to a hostile takeover scenario. This situation may distract management, create uncertainty, and challenge the integration process, potentially affecting the overall value of the acquisition.

Social:
No social risks were identified in the provided comments.

Overall assessment:
ArcelorMittal is currently navigating significant governance risks, particularly in the context of legal disputes and potential hostile acquisition scenarios. The ongoing litigation could introduce regulatory complexities and delay resolutions, while the contentious nature of the acquisition process may divert management attention and create operational uncertainties. Addressing these risks will be crucial for maintaining strategic focus and ensuring successful integration if the acquisition proceeds.",0.9132754802703857
222,"Risk summary for {'ArcelorMittal'}

Environmental:
No environmental risks have been identified in the provided annotations.

Geopolitical:
No geopolitical risks have been identified in the provided annotations.

Governance:
The governance risks primarily include litigation and strategic performance concerns. Ongoing legal proceedings related to the acquisition of Essar Steel are causing delays and uncertainty, which can hinder strategic planning and affect financial outcomes. The extended decision-making process by regulatory bodies may impact ArcelorMittal's ability to execute its acquisition plans effectively.

Social:
No social risks have been identified in the provided annotations.

Overall assessment:
ArcelorMittal faces significant financial risks stemming from competitive bidding pressures and prolonged insolvency proceedings related to Essar Steel. The potential need to increase their bid could strain financial resources and affect investment returns. Furthermore, governance challenges, particularly delays and legal proceedings, may disrupt strategic acquisition plans, creating uncertainty in operational and financial performance. Collectively, these factors pose a risk to the company's market position and long-term strategy.","Risk summary for {'ArcelorMittal'}

Environmental:
No environmental risks were identified in the provided comments.

Geopolitical:
The primary geopolitical risk pertains to approval delays related to regulatory processes. Such delays can hinder acquisition timelines and disrupt both financial and operational strategies, particularly in the context of the ongoing Essar Steel acquisition.

Governance:
ArcelorMittal faces governance-related risks, notably litigation and strategic performance challenges. Legal compliance risks are evident due to the extended timeline of the Essar Steel insolvency process, which has surpassed statutory limits. Additionally, the complexities involved in merging with a financially troubled entity like Essar Steel present risks associated with undisclosed liabilities and potential integration issues.

Social:
No social risks were identified in the provided comments.

Overall assessment:
ArcelorMittal is navigating a complex risk landscape primarily characterized by geopolitical and governance challenges. Delays in regulatory approvals could stall critical acquisitions, while ongoing litigation and the intricacies of merging with a distressed company add layers of financial and operational uncertainty. These factors collectively pose significant risks to the company's strategic objectives and financial performance.",0.928227424621582
223,"Risk summary for {'ArcelorMittal'}

Environmental:
No specific environmental risks were identified in the provided annotations. However, the company may face potential risks related to environmental factors in the broader context of the mining industry.

Geopolitical:
No geopolitical risks were mentioned in the risk annotations. Still, ArcelorMittal operates in various countries, which may expose it to regulatory changes or political instability that could affect operations.

Governance:
No governance-related risks were highlighted in the comments. However, the company's performance and compliance with regulations are critical for maintaining investor confidence and operational integrity.

Social:
No social risks were identified in the provided annotations. Nevertheless, public perception and workforce-related issues are important factors that can influence the company's reputation and operational effectiveness.

Overall assessment:
ArcelorMittal faces financial risks primarily linked to market volatility and analyst perceptions. The company's ranking within the Metals Channel Global Mining Titans Index suggests a moderate level of confidence among analysts, but fluctuations in commodity prices and government policies could lead to financial instability. While no specific environmental, geopolitical, governance, or social risks were mentioned, the company operates in a complex landscape where such factors could influence its overall risk profile. Continuous monitoring of these dimensions is essential for effective risk management.","Risk summary for {'ArcelorMittal'}

Environmental:
No specific environmental risks were identified in the provided comments.

Geopolitical:
No specific geopolitical risks were identified in the provided comments.

Governance:
No specific governance risks were identified in the provided comments.

Social:
No specific social risks were identified in the provided comments.

Overall assessment:
Currently, the primary risk identified for ArcelorMittal pertains to financial performance, specifically related to steady growth and its correlation with stock market trends and analyst recommendations. This could lead to market volatility or shifts in investor sentiment, which may impact the company's market position and overall valuation. However, no other risk classes were highlighted in the comments, indicating a relatively stable outlook in other areas at this time. Continued monitoring of financial indicators and market perceptions will be critical for maintaining a favorable position.",0.9086644649505615
224,"Risk summary for {'ArcelorMittal'}

**Environmental:**  
No specific environmental risks were identified in the provided comments. However, the company may face potential risks related to climate change and natural resource depletion in the broader context of its operations.

**Geopolitical:**  
The geopolitical landscape presents risks primarily through the global economic slowdown, influenced by ongoing trade tensions, particularly between the US and China, and uncertainties surrounding Brexit. These factors may lead to decreased demand for steel, directly impacting ArcelorMittal's sales and profitability.

**Governance:**  
No specific governance risks were mentioned in the comments. However, the company must remain vigilant regarding compliance and strategic performance to mitigate potential operational disruptions.

**Social:**  
No social risks were highlighted in the comments. Nevertheless, public perception and workforce-related issues could emerge as important factors influencing the company's reputation and operational effectiveness.

**Overall assessment:**  
ArcelorMittal faces significant financial risks, including profit margin pressures due to rising iron ore prices, missed earnings estimates, and a bleak global economic outlook. The decline in steel demand in China and slower growth in key markets like the US and Europe further exacerbate these challenges. Additionally, potential increases in Chinese steel exports could lead to market oversupply, impacting pricing and competitiveness. As such, the company must navigate these multifaceted risks to maintain its market position and financial stability.","Risk summary for {'ArcelorMittal'}

Environmental:
No environmental risks were identified in the provided annotations.

Geopolitical:
The company faces risks related to trade tensions and emerging regulations, particularly stemming from the ongoing trade disputes between China and the US. These geopolitical factors can disrupt supply chains and impact operational stability, necessitating careful monitoring of international relations and regulatory changes.

Governance:
There are risks associated with operational efficiency, as the company anticipates improvements that may involve execution challenges. Failure to achieve targeted efficiency gains could hinder performance and operational stability, impacting overall business strategy.

Financial:
ArcelorMittal is exposed to various financial risks, including declining demand due to economic downturns, particularly in major markets like China and the US. Additionally, fluctuations in commodity prices, especially for iron ore, can compress profit margins, while market volatility has led to missed earnings estimates, increasing investor risk. The company's net debt levels are also under scrutiny, as they influence shareholder confidence and financial health.

Overall assessment:
ArcelorMittal operates in a challenging environment marked by financial pressures from declining demand and commodity price volatility, alongside geopolitical uncertainties from trade tensions. Governance risks related to operational efficiency further complicate the outlook. Collectively, these factors present significant risks that could affect the company's market position and financial performance, necessitating proactive risk management strategies.",0.8964123129844666
225,"Risk summary for {'NLMK'}

Environmental:
No specific environmental risks were identified in the provided annotations. However, the company should remain vigilant regarding any potential environmental regulations that could impact operations, especially concerning compliance with safety standards.

Geopolitical:
No geopolitical risks were noted in the current annotations. Nevertheless, it is advisable for NLMK to monitor any changes in the political landscape that could affect operational stability or regulatory compliance.

Governance:
The company faces significant governance risks, particularly related to compliance with health and safety standards. Non-compliance can lead to legal repercussions and operational disruptions. Additionally, there are process risks associated with gas-related incidents, which could result in financial losses if not adequately managed.

Social:
Social risks primarily revolve around human capital, emphasizing the critical need for regular training and competency development for staff. Proper training is vital for safe operations, particularly in handling gas systems, to prevent accidents and ensure compliance with safety protocols.

Technology:
Technology risks are evident in the reliance on potentially outdated gas equipment that may not meet current health and safety standards. This situation poses a risk of malfunctions or accidents, which can disrupt operations and lead to financial losses.

Overall assessment:
NLMK faces a multifaceted risk landscape primarily within governance, social, and technology domains. Compliance with health and safety standards is crucial to mitigate legal and operational risks, while the importance of training highlights potential vulnerabilities in human capital. Additionally, reliance on outdated technology poses operational risks that could lead to significant financial repercussions. Addressing these risks proactively will be essential for maintaining operational integrity and safeguarding the company's reputation.","Risk summary for {'NLMK'}

Environmental:
No environmental risks were identified in the provided annotations.

Geopolitical:
No geopolitical risks were identified in the provided annotations.

Governance:
No governance risks were identified in the provided annotations.

Social:
No social risks were identified in the provided annotations.

Overall assessment:
NLMK faces operational risks primarily related to production disruption due to the installation of a new furnace in an existing facility. This upgrade may lead to temporary downtime or interruptions in production, which could impact overall operational efficiency. Additionally, the integration of new technology may present challenges and delays, further complicating the transition process. It is essential for NLMK to proactively manage these risks to maintain production continuity and minimize potential financial impacts.",0.8957629799842834
227,"Risk summary for {'NLMK'}

Environmental:
N/A

Geopolitical:
NLMK faces risks related to the business environment in Russia, particularly due to potential regulatory and operational challenges stemming from geopolitical tensions. The company's operations and supply agreements could be jeopardized by shifts in the political landscape or changes in regulations, which may disrupt its ability to function effectively.

Governance:
The company is also exposed to strategic performance risks due to its dependence on external suppliers for critical inputs like oxygen, nitrogen, and argon. Any disruptions in the supply chain or unfavorable changes in supplier agreements could significantly impact NLMK's production capabilities, thereby affecting overall operational efficiency.

Social:
N/A

Overall assessment:
NLMK is currently navigating a complex risk landscape characterized by geopolitical tensions in Russia and an overreliance on external suppliers for essential production inputs. Both the potential for regulatory changes and supply chain disruptions pose significant threats to the company's operational stability and strategic performance. It is crucial for NLMK to monitor these risks closely and develop contingency plans to mitigate their impact on business continuity.","Risk summary for {'NLMK'}

Environmental:
No environmental risks were identified in the assessment. 

Geopolitical:
There are no geopolitical risks noted, indicating a stable political environment for NLMK at this time.

Governance:
No governance-related risks were reported, suggesting that NLMK is currently compliant with legal and regulatory standards and is effectively managing its operational strategies.

Social:
The assessment reveals no social risks, implying that there are no significant concerns regarding workforce dynamics, brand reputation, or societal trends affecting NLMK.

Overall assessment:
The current risk evaluation for NLMK shows a favorable outlook, with no identified risks across environmental, geopolitical, governance, or social categories. This suggests that the company is operating in a stable environment with effective management practices, positioning it well for continued performance and resilience against potential disruptions.",0.8769872188568115
228,"Risk summary for {'NLMK'}

Environmental:
No specific environmental risks were identified in the provided comments.

Geopolitical:
The geopolitical risks primarily stem from government business policies, particularly the impact of tariffs on NLMK's operations. The tariffs imposed on foreign-made steel have increased operational costs, which may hinder profitability and competitive positioning. This situation emphasizes the company's vulnerability to regulatory changes and trade policies that could disrupt its business model.

Governance:
Financial strain from tariffs represents a governance risk for NLMK, as it threatens the company's financial health and its capacity to contribute to the local economy. The ongoing tariff difficulties could undermine the company’s financial outlook, indicating potential weaknesses in strategic planning and risk management related to external economic pressures.

Social:
There are no specific social risks mentioned in the provided comments.

Overall assessment:
NLMK faces significant risks primarily from geopolitical and governance perspectives, particularly related to the financial strain imposed by tariffs. The company's operational costs have been adversely affected, which could impact profitability and its role in the local economy. Without effective management of these risks, NLMK may encounter challenges in maintaining its financial health and competitive edge in the market. Addressing these issues through strategic planning and compliance with evolving government policies will be crucial for sustaining its operations and community contributions.","Risk summary for {'NLMK'}

Environmental:
No environmental risks were identified in the provided annotations.

Geopolitical:
The geopolitical landscape presents risks related to government business policy, specifically concerning emerging regulations. The changing tariffs imposed by the U.S. on foreign-made steel could significantly impact NLMK's operations and market positioning, as these regulations may alter competitive dynamics and cost structures.

Financial:
Financial risks are primarily associated with the trading environment, particularly regarding tariff disputes. The ongoing discussions about tariffs on foreign-made steel could affect NLMK's financial performance and market value, as increased costs or reduced competitiveness may arise from these trade tensions.

Social:
No social risks were identified in the provided annotations.

Overall assessment:
NLMK faces significant risks stemming from geopolitical and financial factors, particularly related to changing tariffs and emerging regulations in the steel industry. The potential for increased operational costs and altered market dynamics poses challenges to the company's financial stability and competitive edge. It is essential for management to monitor these developments closely and develop strategies to mitigate their impacts on the business.",0.9222968220710754
229,"Risk summary for {'NLMK'}

Environmental:
No specific environmental risks were identified in the provided annotations.

Geopolitical:
The primary geopolitical risk pertains to the Business Environment in Russia, where the long-term supply agreement for gases essential to the Novolipetsk Steel site could be jeopardized by geopolitical tensions or shifts in government regulations. The volatile political climate and potential for international sanctions may disrupt the supply chain or alter the terms of this critical agreement.

Governance:
In terms of governance, there are strategic performance risks associated with reliance on long-term supply agreements for essential gases. Such dependencies could lead to vulnerabilities if supplier performance falters or if market conditions shift, potentially constraining operational flexibility and overall strategic positioning.

Social:
No specific social risks were identified in the provided annotations.

Overall assessment:
NLMK faces significant risks primarily from geopolitical and governance factors. The reliance on a long-term supply agreement in a politically unstable environment raises concerns about supply chain continuity and operational flexibility. Additionally, the strategic implications of being locked into fixed terms could hinder the company's ability to adapt to changing market dynamics. It is crucial for NLMK to monitor these risks closely and consider contingency plans to mitigate potential disruptions.","Risk summary for {'NLMK'}

Environmental:
No environmental risks have been identified for NLMK based on the provided information. The absence of risks in this category suggests a stable operational environment concerning environmental factors.

Geopolitical:
There are no geopolitical risks reported for NLMK. This indicates that the company is currently not facing any significant political instability, regulatory challenges, or international tensions that could impact its operations.

Governance:
The analysis reveals no governance-related risks for NLMK. This implies that the company is functioning within a compliant framework without any notable legal, strategic, or operational deficiencies.

Social:
No social risks have been noted for NLMK. This suggests that the company's public perception and workforce-related factors are currently stable and not posing any threat to its reputation or operational efficiency.

Overall assessment:
The assessment indicates that NLMK is not facing any significant risks across various categories at this time. The absence of identified risks reflects a stable operational environment, free from environmental, geopolitical, governance, or social challenges. This situation may provide the company with a favorable platform for strategic growth and investment opportunities.",0.8830561637878418
230,"Risk summary for {'Tata'}

Environmental:
No environmental risks have been identified in the provided comments.

Geopolitical:
No geopolitical risks have been identified in the provided comments.

Governance:
Tata Steel faces risks related to strategic performance, particularly concerning the implementation of remote work for white-collar employees. While this initiative aims to enhance productivity and attract talent, it necessitates careful strategic planning and technology investment to ensure effective operations and employee engagement.

Social:
There are significant human capital risks associated with workforce diversity and inclusion. The shift to remote working practices suggests a more inclusive hiring approach, allowing Tata to attract a broader talent pool. However, managing a remote workforce presents challenges that need to be addressed to maintain effectiveness and cohesion.

Technology:
Risks in technology revolve around the need for adaptation to new technologies that facilitate remote work. Tata must ensure that these technologies are effectively implemented; failure to do so could lead to disruptions in productivity and communication among employees.

Overall assessment:
Tata Steel is navigating several risks primarily in governance, social, and technology domains as it transitions to remote work. The strategic implementation of this model is vital for enhancing productivity and attracting diverse talent, but it requires significant investment in technology and effective management practices. Failure to address these risks could impact operational efficiency and employee engagement, making it crucial for the company to develop a robust strategy moving forward.","Risk summary for {'Tata'}

Environmental:
No environmental risks were identified in the provided comments.

Geopolitical:
No geopolitical risks were identified in the provided comments.

Governance:
The governance risks identified include challenges related to organizational change and remote work structures. Tata Steel's transition to remote working aims to enhance employee productivity and attract talent; however, it introduces risks in workforce coordination, cybersecurity, and data privacy. These factors could compromise operational efficiency and corporate integrity if not managed effectively.

Social:
Social risks focus on human capital, particularly concerning workforce diversity and inclusion. Tata Steel's initiatives to promote gender diversity may necessitate rapid adaptations in HR policies and recruitment strategies. As societal expectations evolve, failure to comply could lead to reputational damage and increased complexity in workforce management, potentially inflating HR costs.

Overall assessment:
Tata Steel faces several risks primarily within governance and social categories. The shift to remote work presents operational challenges that could impact cybersecurity and workforce coordination. Concurrently, evolving diversity and inclusion expectations necessitate agile HR strategies to mitigate reputational and compliance risks. Collectively, these factors highlight the need for robust risk management practices to ensure sustainable operational performance and maintain corporate reputation.",0.917334794998169
233,"Risk summary for {'Tata'}

Environmental:  
The primary risk in this category is the degradation of biodiversity, specifically the decline of the indigenous Sukinda Ecorace silkworm breed. This loss threatens not only ecological balance but also the livelihoods of local farmers who depend on this species, making it essential for Tata Steel to engage in conservation efforts to maintain both environmental integrity and community relations.

Geopolitical:  
While no specific geopolitical risks were identified in the provided comments, the need for strategic collaboration with local agencies for biodiversity conservation indicates a potential risk in managing relationships with governmental bodies. Ineffective partnerships could compromise conservation initiatives and negatively impact Tata Steel's reputation and operational sustainability.

Governance:  
Strategic performance risks are highlighted by the necessity for Tata Steel to collaborate effectively with local agencies. Failure to manage these relationships could hinder conservation efforts, which are vital for maintaining the company's reputation and ensuring the sustainability of its operations in the region.

Social:  
Socioeconomic trends pose a risk related to the impact on local livelihoods, particularly for farmers reliant on the Sukinda Ecorace. The introduction of alternative breeds could lead to community dissatisfaction, threatening Tata Steel's social license to operate and potentially resulting in reputational damage.

Overall assessment:  
Tata Steel faces significant risks across environmental, governance, and social dimensions. The decline of the Sukinda Ecorace silkworm not only threatens biodiversity but also the livelihoods of local farmers, necessitating effective strategic collaborations with local agencies. Failure to address these interconnected risks could undermine Tata Steel's operational sustainability and community relations, highlighting the importance of proactive risk management in these areas.","Risk summary for {'Tata'}

Environmental:
The article highlights Tata's initiative to support silkworm cultivation in Odisha, indicating a commitment to sustainable agricultural practices. This engagement mitigates risks related to environmental degradation and promotes biodiversity, aligning with corporate social responsibility objectives.

Geopolitical:
There are no identified geopolitical risks in the article. Tata's involvement in local agricultural initiatives suggests a stable operating environment in Odisha, with no mention of political instability or regulatory challenges that could impact business operations.

Governance:
The article does not present any governance-related risks. Tata's proactive measures in supporting local industries reflect a strong governance framework that emphasizes community engagement and sustainable practices.

Social:
The focus on silkworm support indicates a positive response to socioeconomic trends and community needs. This initiative enhances Tata's brand perception, demonstrating its commitment to local development and social responsibility.

Overall assessment:
Tata's involvement in supporting silkworm cultivation in Odisha presents a favorable risk profile, with no significant environmental, geopolitical, governance, or social risks identified. The initiative not only reinforces Tata's commitment to sustainability but also enhances its reputation and community relations. By prioritizing local agricultural support, Tata positions itself favorably within the market while mitigating potential risks associated with environmental and social challenges.",0.8746156692504883
234,"Risk summary for {'Tata'}

Environmental:
No specific environmental risks were identified in the article. However, Tata's operations may be indirectly influenced by environmental regulations and sustainability trends, which are increasingly important in the steel industry.

Geopolitical:
The article does not mention any geopolitical risks directly. Nonetheless, Tata Steel operates in various regions, making it susceptible to country-specific regulatory shifts and political stability, which could impact its operations and market access.

Governance:
There are no governance-related risks highlighted in the article. However, the legacy and reputation of Tata Steel suggest that effective management and compliance practices are crucial for maintaining stakeholder trust and operational integrity.

Social:
The article discusses the celebration of Tata Steel's legacy, indicating the company's strong brand perception and societal impact. This positive public image is essential for customer loyalty and employee morale, but it also places pressure on the company to uphold its reputation.

Overall assessment:
While the article primarily focuses on Tata Steel's legacy, it indirectly highlights the importance of environmental sustainability, geopolitical stability, and strong governance practices. As Tata continues to navigate the complexities of the steel industry, maintaining its positive brand perception and adapting to regulatory environments will be critical for mitigating potential risks. The company must remain vigilant to external pressures that could affect its market position and operational effectiveness.","Risk summary for {'Tata'}

Environmental:
No environmental risks have been identified in the current news article. The focus is on a positive development, specifically the construction of a park by the Tata group, which suggests an emphasis on community and environmental enhancement.

Geopolitical:
There are no geopolitical risks mentioned in the article. The news centers around a community-focused initiative, indicating stability in Tata's operational environment in this context.

Governance:
The article does not highlight any governance-related risks. The initiative appears to align with Tata's corporate social responsibility, reflecting positively on the company's governance practices.

Social:
The news presents a favorable social narrative, focusing on the Tata group's investment in building a park. This initiative may enhance the company's brand perception and strengthen community relations, suggesting a proactive approach to social responsibility.

Overall assessment:
The current news highlights a positive development for Tata, centered on the construction of a park. There are no identified risks across environmental, geopolitical, governance, or social classes, indicating a stable and favorable environment for the company. This initiative may bolster Tata's reputation and reinforce its commitment to community engagement, contributing positively to its overall corporate image.",0.8976008892059326
237,"Risk summary for {'ThyssenKrupp'}

Environmental:
ThyssenKrupp faces significant risks associated with the transition to climate-neutral steel production, which demands substantial investments estimated at €30 billion by 2050. This transition could strain financial resources and impact profitability if not effectively managed, highlighting the financial implications of environmental commitments.

Geopolitical:
The company is at risk due to its reliance on government support for the steel sector, particularly in light of the current crisis. Changes in political leadership or policy could introduce uncertainty regarding the availability and effectiveness of such support, potentially jeopardizing operational stability.

Governance:
Strategic risks arise from discussions of a potential merger with Salzgitter to form a national steel champion. This consolidation presents challenges related to integration and cultural alignment, which could hinder ThyssenKrupp's strategic performance and operational effectiveness if not carefully navigated.

Social:
While not explicitly mentioned in the provided comments, the social implications of these risks may include public perception regarding environmental responsibility and the impact of potential job losses due to industry consolidation.

Overall assessment:
ThyssenKrupp is navigating a complex risk landscape characterized by environmental, financial, geopolitical, and governance challenges. The need for substantial investment in sustainable practices, reliance on governmental support, and potential strategic consolidation all pose significant threats to the company's financial health and operational stability. Effective risk management strategies will be crucial to mitigate these challenges and ensure long-term viability in a competitive market.","Risk summary for {'ThyssenKrupp'}

Environmental:  
ThyssenKrupp faces significant risks related to climate change, particularly the transition to producing ""green steel."" The company must invest €30 billion by 2050 to shift to more sustainable production methods, which poses a substantial financial burden and operational challenge.

Geopolitical:  
The company is impacted by emerging regulations under Germany's national steel strategy, which lacks substantial subsidies. This regulatory environment could hinder ThyssenKrupp's ability to adapt to market demands and invest in necessary technologies, thereby affecting its competitiveness.

Governance:  
Strategic performance risks arise from potential mergers and acquisitions, particularly the discussions around consolidating operations with Salzgitter. Such a merger would require significant political and financial support, highlighting the company's reliance on external factors for its strategic initiatives.

Social:  
While no specific social risks were identified in the provided comments, the transition to sustainable practices and the company's reputation in the industry may affect public perception and stakeholder trust.

Overall assessment:  
ThyssenKrupp is navigating a complex risk landscape characterized by environmental, geopolitical, and governance challenges. The transition to climate-neutral steel production requires significant investment amid a backdrop of economic pressures, including oversupply and weak demand. Additionally, the company's strategic initiatives, such as potential mergers, depend heavily on external political and regulatory support. This multifaceted risk profile necessitates careful management to ensure long-term viability and competitiveness in the steel market.",0.920985221862793
238,"Risk summary for {'ThyssenKrupp'}

Environmental:
Currently, there are no environmental risks identified in the provided annotations.

Geopolitical:
No geopolitical risks are noted in the provided information.

Governance:
The governance risks primarily revolve around management performance and strategic performance. ThyssenKrupp's focus on controlling costs and securing liquidity is critical, particularly in the face of financial challenges. Additionally, the recent sale of its elevator unit reflects a strategic shift that could impact future revenue and operational focus.

Financial:
The financial risks include significant losses anticipated within ThyssenKrupp's steel division, with an expected adjusted operating loss of €1 billion. Furthermore, the ongoing impact of COVID-19 has disrupted operations, exacerbating financial instability and posing risks to recovery and business continuity.

Overall assessment:
ThyssenKrupp faces substantial financial risks, particularly within its steel division, which is projected to incur significant losses. The effects of the COVID-19 pandemic continue to challenge operational stability, while governance risks related to management effectiveness and strategic realignment raise concerns about future performance. Addressing these risks is essential for the company's recovery and long-term viability.","Risk summary for {'ThyssenKrupp'}

Environmental:
No specific environmental risks were identified in the provided annotations.

Geopolitical:
No geopolitical risks were noted in the comments, indicating that current political factors may not be significantly impacting ThyssenKrupp's operations at this time.

Governance:
The company is undergoing a significant strategic shift following the sale of its elevator division, which raises concerns about execution risks and potential revenue instability. Such restructuring efforts can lead to imbalances in the business portfolio, affecting long-term strategic performance.

Social:
The impact of the COVID-19 pandemic has been substantial, contributing to financial losses and operational disruptions. This ongoing health crisis underscores vulnerabilities in workforce management and operational continuity.

Overall assessment:
ThyssenKrupp faces multiple financial risks, including significant operating losses and a potential downgrade in credit ratings, which could negatively affect investor confidence. The restructuring of its business portfolio poses strategic execution challenges that may further complicate recovery efforts. Additionally, the lingering effects of the pandemic continue to disrupt operations, highlighting the need for effective risk management strategies to navigate these interconnected challenges.",0.9209328293800354
239,"Risk summary for {'ThyssenKrupp'}

Environmental:
No environmental risks have been identified in the provided information.

Geopolitical:
The geopolitical landscape presents risks related to trade policies and tariffs, specifically the impact of US tariffs on South African steel exports and potential EU measures to limit steel imports. These factors could hinder ThyssenKrupp's operational flexibility and market access, particularly in regions where they have significant interests.

Governance:
Strategic performance risks are highlighted by the urgent need for ThyssenKrupp to finalize a joint venture with Tata Steel. Any delays or failure in securing this partnership could adversely affect the company's long-term strategic direction and competitive position in the market.

Social:
No social risks have been identified in the provided information.

Overall assessment:
ThyssenKrupp faces a multifaceted risk environment characterized by financial vulnerabilities stemming from declining investment in manufacturing and global trade tensions that could destabilize steel prices. Geopolitically, the company must navigate complex trade dynamics, particularly concerning tariffs that could impact its operations in key markets. Furthermore, governance risks associated with strategic partnerships, such as the joint venture with Tata Steel, are critical for ensuring the company’s future growth and market positioning. Addressing these risks is essential for maintaining competitive advantage and financial stability.","Risk summary for {'ThyssenKrupp'}

Environmental:
The company faces risks related to commodity price fluctuations, particularly as prices for essential materials like iron ore and rubber have recently fallen due to geopolitical tensions. This volatility can significantly impact production costs and overall financial performance.

Geopolitical:
Geopolitical risks include emerging regulations from the European Union aimed at controlling steel imports, which may lead to tariffs and quotas. Such measures could disrupt ThyssenKrupp's market access and competitive positioning within the EU, affecting its operational strategy and profitability.

Governance:
From a governance perspective, ThyssenKrupp must navigate the strategic performance risks associated with its planned joint venture with Tata Steel. The urgency to finalize this agreement is critical for shaping the company's long-term strategy, and delays could hinder its competitive edge in the steel market.

Social:
Social risks are highlighted by the potential loss of key personnel amid a global steel crisis, prompting trade unions to advocate for job preservation. The retention of skilled workers is vital for maintaining operational efficiency and company morale during challenging market conditions.

Overall assessment:
ThyssenKrupp is currently exposed to a range of risks across financial, geopolitical, governance, and social dimensions. Commodity price volatility and emerging regulations pose significant threats to financial stability and market positioning. Additionally, the urgency of strategic partnerships and the potential loss of key personnel underscore the importance of effective risk management. Addressing these challenges will be crucial for sustaining operational success and long-term growth in a competitive environment.",0.9125480055809021
245,"Risk summary for {'ArcelorMittal'}

Environmental:  
ArcelorMittal faces risks related to climate change, particularly concerning the introduction of an electric arc furnace as part of its sustainability strategy. This technology must comply with evolving environmental regulations, and any failure to meet these standards could hinder the company's sustainability goals and market positioning.

Geopolitical:  
The company's expansion project is closely tied to the USMCA trade agreement, which introduces regulatory risks associated with potential changes in trade policies. Compliance challenges could impact the project's success and ArcelorMittal's ability to capitalize on increased demand for North American steel in the automotive sector.

Governance:  
Strategic performance risks are present in the expansion at the AM/NS Calvert mill, where effective decision-making and execution are critical. The complexity of managing construction timelines and workforce integration poses risks that could affect operational efficiency and the achievement of strategic objectives.

Overall assessment:  
ArcelorMittal is navigating a multifaceted risk landscape that includes environmental compliance, geopolitical trade dynamics, and governance challenges related to strategic execution. The substantial financial commitment to the expansion project further amplifies these risks, as delays or cost overruns could adversely affect the company's financial health. A proactive approach to managing these interconnected risks will be essential for maintaining operational stability and achieving long-term strategic goals.","Risk summary for {'ArcelorMittal'}

Environmental:
No environmental risks are identified in the current analysis.

Geopolitical:
The primary geopolitical risk involves reliance on trade policies, particularly the USMCA agreement, which mandates increased North American steel usage in the automotive sector. Changes in these trade regulations or enforcement could negatively impact market expectations and ArcelorMittal's competitive position.

Governance:
Governance risks are associated with the company's joint venture in the AM/NS Calvert facility, which involves shared control with Nippon Steel Corp. This arrangement can lead to strategic misalignments, disagreements over capital allocation, and complexities in decision-making that may hinder operational efficiency and strategic objectives.

Social:
No social risks are identified in the current analysis.

Overall assessment:
ArcelorMittal faces significant financial and geopolitical risks stemming from its expansion plans and reliance on trade agreements. The $500 million investment in the AM/NS Calvert mill could enhance production capabilities but also exposes the company to financial uncertainties related to construction costs and timelines. Additionally, governance challenges linked to its joint venture structure may complicate operational execution and strategic alignment. Monitoring these risks will be essential to ensure the successful realization of anticipated benefits from the expansion and compliance with evolving trade policies.",0.9050124287605286
246,"Risk summary for {'ArcelorMittal'}

Environmental:
No environmental risks were identified in the provided annotations.

Geopolitical:
The primary geopolitical risk pertains to uncertainty in the economic reopening of countries, which could impact ArcelorMittal's operational recovery and market positioning. This unpredictability in government strategies may hinder the company's ability to adapt to changing market conditions.

Governance:
ArcelorMittal faces several governance-related risks, including operational adjustments necessary due to reduced demand and financial constraints. The company has implemented significant cost-cutting measures, such as salary reductions and temporary layoffs, which indicate operational vulnerabilities. Additionally, the suspension of dividend payments poses a risk to investor confidence and may affect the company's strategic positioning.

Social:
Social risks primarily revolve around human capital management, as the company's cost-cutting measures, including layoffs and salary cuts, could negatively impact employee morale and productivity. This could lead to longer-term challenges in workforce stability and engagement.

Overall assessment:
ArcelorMittal is currently navigating a challenging landscape characterized by declining earnings and demand fluctuations, particularly in key markets like Europe and North America. Geopolitical uncertainties regarding economic reopening strategies further complicate recovery efforts. Governance risks, including operational adjustments and dividend suspensions, reflect the company's need to respond strategically to financial pressures while managing workforce implications. Collectively, these factors underscore a critical need for effective risk management strategies to stabilize operations and maintain investor confidence.","Risk summary for {'ArcelorMittal'}

Environmental:
No specific environmental risks were identified in the provided annotations.

Geopolitical:
No geopolitical risks were identified in the provided annotations.

Governance:
The company faces process risks related to supply chain and production flexibility. While it is prepared to increase production when demand rebounds, there is a significant risk if demand recovers more slowly than anticipated, which could adversely affect revenue and operational efficiency.

Social:
The ongoing coronavirus pandemic poses a substantial risk, leading to disruptions in demand, operations, and financial forecasts. The withdrawal of global steel guidance reflects the uncertainty and potential for significant impacts on the company's performance due to health crises.

Financial:
ArcelorMittal is experiencing several financial risks, including revenue decline and expense reduction driven by a 30% drop in steel demand in key markets. The suspension of dividend payments indicates liquidity concerns in response to revenue pressures. Additionally, market volatility and share price risks are heightened due to economic uncertainties and tariff disputes affecting the trading environment.

Overall assessment:
ArcelorMittal is navigating a challenging landscape characterized by significant financial pressures stemming from reduced steel demand and operational disruptions due to the pandemic. Governance-related risks highlight the company's need for production flexibility amid uncertain market recovery. The absence of environmental and geopolitical risks in the current context suggests a focused risk profile, although the ongoing economic volatility remains a critical concern for future performance.",0.9026175141334534
247,"Risk summary for {'ArcelorMittal'}

Environmental:
No specific environmental risks were identified in the provided annotations.

Geopolitical:
No geopolitical risks were noted in the provided annotations.

Governance:
The governance risks primarily revolve around strategic performance, particularly related to ArcelorMittal's strategic shift and restructuring efforts. The company's recent moves to consolidate and diversify its operations indicate a response to market demands, which may necessitate significant operational changes and adjustments in management practices.

Social:
Social risks focus on human capital, particularly the potential impact on the workforce due to the sale of U.S. assets. With over 18,000 employees across multiple facilities, these divestitures could lead to job losses or alterations in employment conditions, affecting employee morale and productivity.

Overall assessment:
ArcelorMittal faces a multifaceted risk landscape characterized by financial instability linked to debt management and market demand fluctuations. Governance risks related to strategic restructuring are evident as the company adapts to a changing market environment. Additionally, social risks associated with workforce impacts from asset sales could pose challenges to employee retention and operational continuity. Collectively, these risks underscore the need for careful management to ensure the company's financial health and operational stability.","Risk summary for {'ArcelorMittal'}

Environmental:  
No environmental risks were identified in the provided annotations.

Geopolitical:  
The company faces risks associated with emerging regulations, particularly as it expands into the U.S. market. These regulatory changes could impose additional compliance costs and operational challenges, impacting overall business performance.

Governance:  
ArcelorMittal is exposed to strategic performance risks related to its mergers and acquisitions strategy. The company's plan to merge in order to manage debt and streamline operations may lead to operational disruptions or integration challenges, affecting its long-term stability and growth.

Social:  
No social risks were identified in the provided annotations.

Overall assessment:  
ArcelorMittal is navigating a complex risk landscape characterized by geopolitical regulatory challenges and governance issues related to its strategic initiatives. The need to manage debt through mergers presents both opportunities and risks, as operational integration could affect performance. Additionally, the evolving regulatory environment in new markets necessitates careful monitoring to ensure compliance and mitigate potential disruptions. Addressing these risks will be crucial for maintaining financial stability and competitive positioning.",0.9093663692474365
254,"Risk summary for {'Tata'}

Environmental:
No specific environmental risks were identified in the article. The focus on the NSG Black Cat Car Rally indicates a celebration rather than any environmental concerns.

Geopolitical:
The article does not present any geopolitical risks. It primarily highlights a celebratory event, lacking references to political instability, regulatory changes, or cross-border tensions that could impact Tata's operations.

Governance:
There are no governance-related risks mentioned. The news article centers on a public event, with no indications of compliance issues, management failures, or strategic risks affecting the company.

Social:
The article emphasizes a social event, celebrating India's 75th Independence Day, but does not address any social risks such as brand perception or workforce-related issues that could affect Tata.

Overall assessment:
The news article regarding Tata Steel's hosting of the NSG Black Cat Car Rally reflects a positive public engagement initiative without highlighting any immediate risks to the company. The absence of specific risks across environmental, geopolitical, governance, and social categories suggests a stable operational context at this time. However, ongoing monitoring of external factors remains essential to ensure continued resilience.","Risk summary for {'Tata'}

Environmental:
No environmental risks were identified in the article. The focus was solely on the positive aspects of Tata's growth, indicating a stable operational environment without significant environmental challenges.

Geopolitical:
No geopolitical risks were reported. The article highlighted Tata's positive trajectory, suggesting that the company is currently not facing any significant political or regulatory challenges that could impact its operations.

Governance:
There are no governance risks mentioned in the article. The positive outlook for Tata implies effective management and compliance practices, reducing the likelihood of strategic or operational failures.

Social:
The article did not highlight any social risks. The absence of negative commentary suggests that Tata maintains a strong brand perception and positive public image, which supports its growth narrative.

Overall assessment:
The article presents a favorable view of Tata's growth, with no identified risks across environmental, geopolitical, governance, or social dimensions. This positive outlook indicates that Tata is currently operating in a stable and supportive environment, with effective management and no significant threats to its performance. Continued monitoring is advisable to ensure that this positive trend is maintained and that any emerging risks are promptly addressed.",0.9187706112861633
256,"Risk summary for {'Tata'}

Environmental:
No environmental risks have been identified in the provided annotations.

Geopolitical:
No geopolitical risks have been identified in the provided annotations.

Governance:
The governance risks identified include management performance issues stemming from the CEO's broad responsibilities across diverse sectors, which could lead to operational challenges. Additionally, there are risks related to regulatory compliance, particularly concerning the need to separate the roles of CEO and Chairman as recommended by SEBI, to avoid legal repercussions. Changes in the leadership structure may also pose strategic performance risks, potentially affecting decision-making processes and operational effectiveness.

Social:
No social risks have been identified in the provided annotations.

Overall assessment:
Tata is currently facing significant governance risks primarily related to management performance, regulatory compliance, and strategic leadership changes. The financial challenges in its subsidiaries, particularly Tata Steel and Tata Motors, further complicate its overall outlook, as these issues could adversely impact the financial health of the conglomerate. Effective management of these governance-related risks will be critical for maintaining operational efficiency and compliance while navigating the complexities of its diverse business portfolio.","Risk summary for {'Tata'}

Environmental:  
No environmental risks were identified in the provided comments.

Geopolitical:  
No geopolitical risks were identified in the provided comments.

Governance:  
The governance risks include management performance and strategic performance. There is a notable risk of management execution failure due to the complexities associated with the CEO's role in overseeing Tata Group's diverse subsidiaries. Additionally, the ongoing restructuring efforts raise concerns about strategic performance, as ineffective leadership could result in a lack of clarity and direction for the organization.

Social:  
No social risks were identified in the provided comments.

Overall assessment:  
Tata faces significant financial and governance risks that could impact its overall stability and performance. The financial strain, particularly from losses at Tata Motors and the net debt of Tata Steel, poses challenges to the conglomerate's financial health. Concurrently, the complexities of management execution and the ongoing restructuring efforts highlight potential vulnerabilities in leadership and strategic direction. Addressing these risks is crucial for maintaining operational effectiveness and financial viability moving forward.",0.9218168258666992
259,"Risk summary for {'ThyssenKrupp'}

Environmental:
No specific environmental risks were identified in the provided annotations.

Geopolitical:
The primary risks in this class include regulatory and policy uncertainty, particularly regarding government business policies that could influence ThyssenKrupp's operational landscape. Changes in regulations or financial solidarity measures within the euro area may disrupt financial planning and operational stability.

Governance:
Risks related to strategic performance are highlighted, particularly concerning the influence of political interactions on business strategy. Engagements between political figures and ThyssenKrupp may lead to shifts in strategic priorities, potentially affecting decision-making processes and long-term business objectives.

Social:
The social risk identified pertains to brand perception, where political involvement with ThyssenKrupp could alter public opinion. If the company is perceived as aligned with certain political agendas, it may face reputational challenges, especially during shifts in the political landscape.

Overall assessment:
ThyssenKrupp faces multifaceted risks primarily rooted in geopolitical and governance factors. Regulatory uncertainties can impact financial and operational planning, while political influences may shape strategic decisions and public perception. The interplay between these risks necessitates vigilant monitoring to safeguard the company's reputation and ensure compliance with evolving policies.","Risk summary for {'ThyssenKrupp'}

Environmental:
Currently, there are no specific environmental risks identified in the comments provided. However, the potential shift towards greener business practices due to governmental changes may imply future environmental regulatory risks that could impact operational costs and compliance requirements.

Geopolitical:
The company faces risks related to changes in government, particularly with the recent election campaign led by the SPD. This political transition may introduce new regulations aimed at promoting green initiatives within the steel industry, which could necessitate significant operational adjustments for ThyssenKrupp.

Governance:
No governance-related risks are explicitly mentioned in the comments. However, the implications of new regulations from a changing government could affect compliance and operational strategies, necessitating a close monitoring of governance frameworks to ensure alignment with evolving policies.

Social:
There are no social risks identified in the current comments. However, the political engagement of leaders with the workforce suggests a focus on employee relations, which may become increasingly relevant as new regulations emerge.

Overall assessment:
ThyssenKrupp is currently exposed to geopolitical risks stemming from the recent electoral changes in Germany, which may lead to new regulations impacting the steel sector, particularly regarding environmental sustainability. The company's ability to adapt to these potential changes will be critical in maintaining compliance and operational efficiency. While no immediate environmental or governance risks are highlighted, the evolving political landscape warrants ongoing vigilance to mitigate future challenges.",0.8997629284858704
261,"Risk summary for {'ThyssenKrupp'}

Environmental:
ThyssenKrupp faces significant risks related to climate change, particularly the need for substantial investment to transition its steel production to low-emissions processes. The estimated requirement of around 10 billion euros for this transformation presents both environmental and financial challenges, as compliance with regulations and market expectations necessitates these costly upgrades.

Geopolitical:
No specific geopolitical risks were identified in the provided annotations, indicating that ThyssenKrupp may currently be less affected by political instability or cross-border tensions. However, ongoing global market dynamics could still pose indirect risks.

Governance:
The company is experiencing governance-related risks primarily through process and strategic performance challenges. Disruptions in the supply chain are impacting production efficiency and costs, while the ongoing restructuring efforts are critical for the company's survival. Additionally, the inability to secure an external partner for the steel business complicates strategic decisions, potentially hindering operational effectiveness.

Social:
No specific social risks were identified in the provided annotations, suggesting that current public perception and workforce-related issues may not be immediate concerns for ThyssenKrupp at this time.

Overall assessment:
ThyssenKrupp is navigating a complex risk landscape, with significant environmental and financial challenges tied to its steel business. The necessity for major investments in low-emission technology, combined with rising operational costs and supply chain disruptions, threatens the company's financial stability. Governance risks related to restructuring and strategic direction further complicate its path forward, emphasizing the need for effective management to ensure long-term viability.","Risk summary for {'ThyssenKrupp'}

Environmental:
ThyssenKrupp faces risks related to environmental regulations, particularly within the steelmaking sector, which is grappling with rising costs associated with pollution control and the need for significant investments to transition to low-emission production. These challenges are exacerbated by cheaper imports from Asia, impacting competitiveness.

Geopolitical:
The company is at risk from emerging regulations that affect the steel industry, particularly as Europe shifts towards clean energy. The regulatory environment requires substantial investment to adapt, posing a threat to operational viability and market positioning.

Governance:
Governance risks include deficiencies in the business model, highlighted by a lack of a concrete plan for the company's future direction. Additionally, ThyssenKrupp is struggling with process risks related to inventory management due to widespread supply chain disruptions, and it faces strategic performance challenges in mergers, acquisitions, and restructuring efforts, particularly in light of failed partnerships and the need for significant capital to address structural issues.

Social:
The company is also exposed to social risks stemming from the ongoing uncertainties related to the coronavirus pandemic, which have intensified supply chain challenges, including a critical semiconductor shortage.

Overall assessment:
ThyssenKrupp is navigating a complex landscape of risks that span financial, geopolitical, governance, and social domains. The interplay of supply chain disruptions, regulatory pressures, and the need for strategic restructuring amid a challenging economic outlook poses significant threats to its operational stability and long-term viability. Addressing these risks effectively will be crucial for the company's recovery and future growth.",0.90934157371521
265,"Risk summary for {'Posco'}

Environmental:
No specific environmental risks were identified in the provided annotations.

Geopolitical:
The company faces risks related to government business policy, particularly potential sanctions due to its joint venture with a military-owned firm in Myanmar. This involvement may lead to reputational damage and operational challenges as international pressure mounts for companies to dissociate from Myanmar's military regime.

Governance:
Posco is exposed to strategic performance risks as it evaluates its options regarding the joint venture in Myanmar. The decision to either divest or assume full control of the project carries implications for the company's long-term strategy and financial health, potentially affecting stakeholder confidence.

Social:
The company's brand perception is at risk due to its ties with the military-owned firm in Myanmar. As other international companies withdraw from similar partnerships, Posco may face backlash and reputational harm, particularly if the military continues to engage in actions that violate human rights.

Overall assessment:
Posco is navigating a complex risk landscape characterized by geopolitical pressures, governance challenges, and social perceptions. The potential for sanctions and the need for strategic decision-making regarding its Myanmar joint venture could significantly impact its reputation and financial stability. As public scrutiny intensifies, the company must carefully weigh its options to mitigate risks while aligning with evolving international standards and expectations.","Risk summary for {'Posco'}

Environmental:
No environmental risks were identified in the provided annotations.

Geopolitical:
The geopolitical risks include sanctions imposed by Canada, which could severely impact business operations and market access. Additionally, the potential shift from a civilian government to military rule in Myanmar introduces risks associated with nationalism and protectionism. The environment is further complicated by corruption and political violence, including civil unrest and the military's history of human rights violations.

Governance:
Governance risks primarily involve process and strategic performance issues. The company's commitment to continue gas production in Myanmar poses operational risks, particularly in maintaining compliance with evolving regulations and ethical standards. Furthermore, Posco is considering strategic options for its joint venture with a military-owned firm, which could affect its operational integrity and reputation.

Social:
No specific social risks were identified in the provided annotations.

Overall assessment:
Posco faces significant geopolitical and governance risks, particularly related to its operations in Myanmar. The potential for government instability, sanctions, and human rights concerns presents challenges that could affect the company's reputation and operational viability. Additionally, the strategic decisions regarding joint ventures and compliance with local regulations are critical for maintaining business continuity and mitigating risks in a turbulent environment. Addressing these risks proactively will be essential for Posco's long-term success and stability.",0.9099241495132446
266,"Risk summary for {'Posco'}

Environmental:  
Posco faces regulatory approval risks related to its integrated steel plant project, which has received conditional approval from the Ministry of Environment and Forests. This conditionality introduces uncertainties that could lead to delays or increased costs if environmental criteria are not satisfactorily met.

Geopolitical:  
No specific geopolitical risks were identified in the provided annotations. However, the regulatory environment surrounding the project suggests potential vulnerabilities to changes in government policy or broader political dynamics that could impact operations.

Governance:  
The company is exposed to operational disruption risks, highlighted by the physical actions of activists against its construction site. Such disruptions not only threaten project timelines but also necessitate additional security measures, impacting overall operational efficiency.

Social:  
Public opposition represents a significant risk to Posco’s brand perception. The actions of activists reflect a growing sentiment against the project, which could escalate into further protests, negatively affecting the company’s reputation and operational continuity.

Overall assessment:  
Posco is navigating a complex risk landscape characterized by environmental regulatory hurdles, potential operational disruptions from activist actions, and challenges to its brand perception due to public opposition. These interconnected risks could lead to delays and increased costs, undermining the project's viability and the company's market position. Managing these risks effectively will be crucial for maintaining operational stability and safeguarding the company's reputation.","Risk summary for {'Posco'}

Environmental:
No environmental risks were identified in the provided comments.

Geopolitical:
The primary geopolitical risk stems from emerging regulations as Posco expands its operations into India. This entry into a new market may expose the company to regulatory challenges and compliance issues that could impact its operational capabilities and strategic objectives.

Governance:
No governance risks were identified in the provided comments.

Social:
Posco faces significant social risks related to brand perception and reputation. The company has encountered public backlash, as evidenced by protests from activists opposing its operations in Odisha. Such negative public sentiment can damage the company's image and potentially affect its market position and stakeholder relationships.

Overall assessment:
Posco is navigating a complex risk landscape characterized by geopolitical and social challenges. The company's expansion into India introduces potential regulatory hurdles that could impact its operational framework. Additionally, ongoing protests and negative public perception pose risks to its brand reputation, which may affect stakeholder trust and market performance. Addressing these risks proactively will be essential for maintaining a stable operational environment and ensuring long-term success.",0.9030660390853882
268,"Risk summary for {'ArcelorMittal'}

Environmental:
ArcelorMittal faces risks related to natural resource deficiency, particularly concerning the global demand for lithium and other essential minerals. The surge in electric vehicle sales has driven lithium prices to a three-year high, which could lead to increased production costs or supply shortages, thereby impacting operational efficiency and profitability.

Geopolitical:
The company's operations in Liberia introduce geopolitical risks associated with government business policies. As ArcelorMittal has committed to a long-term presence in Liberia, it is vulnerable to shifts in the political landscape, regulatory changes, and potential instability that could disrupt its business activities.

Financial:
ArcelorMittal's financial stability could be challenged by its significant investment commitments and exposure to economic variables. The company's planned tripling of iron-ore production in Liberia, alongside an $800 million investment, necessitates meticulous financial oversight to avoid resource strain. Additionally, fluctuations in global metal prices, particularly iron-ore, pose risks to revenue predictability and overall profitability.

Overall assessment:
ArcelorMittal is navigating a complex risk landscape characterized by environmental, geopolitical, and financial challenges. The increasing demand for critical resources may strain supply chains and elevate costs, while long-term commitments in politically sensitive regions expose the company to regulatory and operational risks. Furthermore, the volatility of metal prices could impact financial performance, necessitating robust risk management strategies to safeguard the company's market position and operational integrity.","Risk summary for {'ArcelorMittal'}

Environmental:  
No specific environmental risks were identified in the provided annotations. However, the expansion of operations in Liberia may expose the company to potential environmental scrutiny or regulatory changes related to resource extraction.

Geopolitical:  
Two key risks are noted in the geopolitical class. The first involves the business environment in Liberia, where ArcelorMittal has committed to a long-term investment and production increase, which may expose the company to country-specific operational and regulatory challenges. The second risk pertains to emerging regulations that could arise in Liberia as the company expands its operations, potentially impacting compliance and operational costs.

Governance:  
No governance-related risks were highlighted in the provided comments. However, the commitment to significant investment and production increases implies that effective management and strategic oversight will be crucial to navigate any arising challenges in Liberia.

Social:  
No specific social risks were mentioned in the comments. Nonetheless, the company’s long-term presence in Liberia may influence its reputation and relationship with local communities, which could impact operational stability.

Overall assessment:  
ArcelorMittal faces notable geopolitical risks associated with its extensive investment and operational commitment in Liberia. The potential for emerging regulations and the complexities of the local business environment could pose challenges to compliance and operational efficiency. While environmental and governance risks were not explicitly outlined, the company's ability to effectively manage these aspects will be critical as it seeks to enhance production and maintain a positive public perception in the region.",0.8880462050437927
269,"Risk summary for {'ArcelorMittal'}

Environmental:
No environmental risks were identified in the provided information.

Geopolitical:
No geopolitical risks were identified in the provided information.

Governance:
The primary governance risk identified is the appointment of a new independent non-executive director, which can significantly influence the company's strategic direction and overall governance. Changes in leadership may lead to shifts in decision-making processes, potentially impacting the company's performance and alignment with shareholder expectations.

Social:
No social risks were identified in the provided information.

Overall assessment:
ArcelorMittal currently faces a governance risk associated with the recent appointment of a new independent non-executive director. This change in leadership could affect the company's strategic direction and decision-making processes, which may have implications for its performance and governance. No environmental, geopolitical, or social risks were noted, indicating a relatively stable risk environment in those areas at this time. It will be essential for the company to monitor the impact of this governance change on its operations and stakeholder relations.","Risk summary for {'ArcelorMittal'}

Environmental:  
No environmental risks have been identified in the current news article. The absence of negative commentary suggests that environmental factors are not currently impacting the company's operations or reputation.

Geopolitical:  
There are no geopolitical risks reported in the article. The focus remains on positive developments, indicating stability in the political and regulatory environment impacting the company.

Governance:  
The article highlights positive aspects of Ms. Dawn Earp’s CV and background, suggesting strong governance practices. There are no indications of governance-related risks such as compliance failures or management issues at this time.

Social:  
No social risks are mentioned in the article. The positive portrayal of Ms. Earp implies that the company maintains a favorable public perception and does not currently face challenges related to brand image or workforce issues.

Overall assessment:  
The news article presents a favorable outlook for ArcelorMittal, with no identified risks across environmental, geopolitical, governance, or social categories. The positive focus on leadership suggests a stable operational environment, with no immediate threats to the company’s performance or reputation. This positions ArcelorMittal favorably in the current market landscape.",0.8867889046669006
274,"Risk summary for {'NLMK'}

Environmental:  
NLMK faces significant risks associated with climate change, particularly in adapting to stricter environmental standards and the necessity for low-carbon development. The increasing urgency of global climate goals may require substantial investments to reduce carbon emissions, which could strain financial resources and operational capacity.

Geopolitical:  
The company is exposed to risks from government policies, specifically the EU's cross-border carbon regulation, which could impose carbon taxes on its exports. This regulation may elevate costs and diminish NLMK's competitive edge in the European market, potentially impacting profitability.

Governance:  
NLMK's strategic emphasis on environmental, social, and governance (ESG) criteria introduces risks related to its long-term business strategy. The ongoing commitment to ESG initiatives, including workplace safety improvements, may necessitate continuous investment and could alter operational priorities, affecting overall performance and resource allocation.

Social:  
The company's reputation and brand perception are at risk if it fails to uphold its ESG commitments. Although NLMK currently excels in non-financial disclosures and ESG rankings, any decline in performance could adversely affect public perception and investor relations.

Overall assessment:  
NLMK is navigating a complex risk landscape shaped by environmental, geopolitical, governance, and social factors. The pressures of climate change and regulatory compliance demand significant investment and operational adjustments, while the strategic focus on ESG initiatives must be balanced against potential impacts on brand reputation and financial performance. Failure to adapt effectively could jeopardize the company’s market position and long-term viability.","Risk summary for {'NLMK'}

Environmental:
NLMK faces risks related to climate change, particularly in adapting to a lower carbon economy. The company may struggle with cross-border carbon regulations that could impact its competitiveness in markets like Europe, where demand for its products remains high. Lower scores in environmental and social factors in recent ESG evaluations highlight potential vulnerabilities in its climate adaptation strategies.

Geopolitical:
Emerging regulations driven by the global climate agenda pose a significant risk for NLMK. As international climate goals become more ambitious, compliance with new policies, particularly those related to carbon emissions, may affect the company's operations and market access, especially in regions with stringent environmental standards.

Governance:
NLMK exhibits risks associated with non-compliance in occupational health and safety, as evidenced by workplace injury rates exceeding the global industry average. Additionally, the company faces process risks related to supply chain cooperation, which could hinder its operational efficiency and overall governance performance.

Social:
While not explicitly mentioned in the comments, the company's performance in social factors, particularly concerning workforce safety and supplier relationships, suggests potential reputational risks. The disparity in ESG scores indicates that addressing these social aspects is critical for maintaining stakeholder trust and public perception.

Overall assessment:
NLMK is navigating a complex risk landscape characterized by environmental, geopolitical, and governance challenges. The company's ability to adapt to climate change regulations and improve its safety and supply chain processes will be crucial for sustaining its market position and investor confidence. As global standards evolve, proactive measures in these areas will be essential to mitigate risks and enhance overall resilience.",0.9040930271148682
276,"Risk summary for {'NLMK'}

Environmental:
NLMK faces risks associated with climate change, specifically through its collaboration with NOVATEK on low-carbon technologies. This partnership entails significant costs and operational adjustments as the company transitions to a low-carbon economy, which could adversely affect its financial performance and operational efficiency.

Geopolitical:
No specific geopolitical risks are identified in the provided comments. However, it is important to remain vigilant about potential political and regulatory changes that could impact the company's operations in the future.

Governance:
The partnership with NOVATEK introduces strategic performance risks, as the success of this collaboration is critical to achieving NLMK's objectives related to carbon footprint reduction. The complexity of strategic partnerships can lead to challenges in execution, potentially undermining the expected benefits and affecting the company's market position.

Social:
No specific social risks are mentioned in the comments. However, the company should consider public perception and societal expectations regarding its environmental initiatives to avoid potential reputational risks.

Overall assessment:
NLMK is navigating significant environmental and governance risks as it collaborates with NOVATEK on low-carbon technologies. The transition to a low-carbon economy presents operational and financial challenges, while the strategic nature of the partnership introduces complexities that could impact the company's market position. Continuous monitoring of these risks will be essential to ensure successful outcomes and maintain competitive advantage in a rapidly evolving market landscape.","Risk summary for {'NLMK'}

Environmental:
NLMK is engaging in initiatives to reduce greenhouse gas emissions through partnerships focused on low-carbon technologies. While this represents a commitment to sustainability, it also introduces transition risks associated with regulatory compliance and the potential for increased costs or delays in technology development.

Geopolitical:
The company's efforts to align with global emission goals, particularly under the Paris Climate Agreement, expose it to risks related to government policies and regulations. These risks may arise if emerging regulations are not favorable or if the technologies developed do not meet compliance standards.

Governance:
NLMK's strategic partnerships, particularly with PAO NOVATEK, bring about process and strategic performance risks. Collaborating on innovative technologies such as carbon capture and hydrogen production can lead to challenges, including misalignment of objectives, intellectual property disputes, and execution risks if either partner fails to deliver expected results.

Overall assessment:
NLMK faces a complex risk landscape that encompasses environmental, geopolitical, and governance challenges. The company's commitment to low-carbon technologies positions it favorably in terms of sustainability, but it also introduces significant regulatory and financial uncertainties. Additionally, partnerships aimed at innovation carry inherent risks that could impact operational effectiveness and financial performance. It is essential for NLMK to navigate these risks carefully to sustain its market position and fulfill its environmental commitments.",0.90525883436203
278,"Risk summary for {'Tata'}

Environmental:  
Tata faces risks associated with the transition to sustainable aviation fuel (SAF) production, particularly in relation to climate change initiatives. While this shift aligns with global decarbonization goals, it introduces potential technological challenges, cost overruns, and the necessity for substantial investment in new infrastructure. These factors could impact operational efficiency and financial stability.

Geopolitical:  
There are no specific geopolitical risks identified in the provided comments for Tata. However, the company's operations could be indirectly affected by broader geopolitical trends that influence market conditions and regulatory environments.

Governance:  
The partnership with LanzaTech presents strategic performance risks for Tata Steel. The success of the SAF project relies heavily on effective collaboration and alignment of objectives between the partners. Any misalignment or execution failures could undermine Tata's strategic goals and harm its reputation.

Social:  
Tata's brand perception is at risk due to its involvement in the SAF project. While the initiative is seen as beneficial for the local economy, any failure to meet community expectations or deliver on promises could result in negative public perception, adversely affecting Tata's reputation and stakeholder trust.

Overall assessment:  
Tata is navigating a complex risk landscape that includes environmental challenges related to sustainable practices, governance issues stemming from strategic partnerships, and social implications tied to community engagement. Financially, the company must ensure that its investments yield satisfactory returns amidst these risks. Collectively, these factors underscore the importance of proactive risk management to safeguard Tata's operational and reputational integrity in a rapidly evolving market.","Risk summary for {'Tata'}

Environmental:
No environmental risks were identified in the provided annotations.

Geopolitical:
The company faces risks associated with emerging regulations as it enters the UK market. Such regulatory changes could impact compliance requirements and operational strategies, potentially leading to increased costs or operational disruptions.

Governance:
Tata Steel is exposed to strategic performance risks through its joint venture with LanzaTech. Challenges related to project execution and partnership dynamics could affect the overall success of this initiative, potentially undermining strategic objectives.

Social:
No social risks were identified in the provided annotations.

Overall assessment:
Tata Steel is navigating a complex risk landscape characterized by geopolitical and governance challenges. The potential for emerging regulations in the UK market may necessitate adjustments in compliance and operational strategies. Additionally, the joint venture with LanzaTech introduces governance risks that could impact project success and strategic alignment. It is essential for management to monitor these risks closely and develop robust mitigation strategies to safeguard the company's interests.",0.8906994462013245
282,"Risk summary for {'ThyssenKrupp'}

Environmental:
No specific environmental risks were identified in the provided comments.

Geopolitical:
No specific geopolitical risks were identified in the provided comments.

Governance:
No specific governance risks were identified in the provided comments.

Social:
No specific social risks were identified in the provided comments.

Overall assessment:
Thyssenkrupp faces significant financial risks, particularly related to its hydrogen unit, Nucera. The valuation risk stemming from a decline in hydrogen shares could hinder the company's ability to secure favorable terms in potential share sales, impacting its overall financial strategy. Additionally, the uncertainty in the hydrogen sector, reflected in the wide valuation range provided by analysts, complicates financial planning and investment decisions. These factors collectively pose challenges to Thyssenkrupp's market position and long-term financial performance.","Risk summary for {'ThyssenKrupp'}

Environmental:
No environmental risks were identified in the provided comments.

Geopolitical:
No geopolitical risks were identified in the provided comments.

Governance:
No governance risks were identified in the provided comments.

Social:
No social risks were identified in the provided comments.

Overall assessment:
ThyssenKrupp faces significant financial risks primarily related to its hydrogen unit, Nucera. Investor sentiment is negatively affected by a challenging valuation and the potential for a recession, which complicates the company's ability to raise capital or attract investments. Additionally, volatility in the trading environment and fluctuations in commodity prices further destabilize the financial outlook for the hydrogen sector. These factors collectively contribute to a precarious financial landscape for ThyssenKrupp, necessitating careful management and strategic planning to mitigate these risks.",0.9544188976287842
283,"Risk summary for {'ThyssenKrupp'}

Environmental:
No environmental risks were identified in the provided annotations.

Geopolitical:
The geopolitical risks primarily relate to government business policies, particularly regarding defense procurement processes. Potential changes in these policies could hinder ThyssenKrupp's ability to secure essential contracts, directly influencing their business opportunities and revenue streams.

Governance:
In the governance category, risks associated with strategic performance are highlighted. The uncertainty surrounding the procurement of defense contracts poses a significant threat to ThyssenKrupp's strategic goals, as evidenced by their recent loss in a competitive bid. This uncertainty can adversely affect their overall financial performance and long-term objectives.

Social:
No social risks were identified in the provided annotations.

Overall assessment:
ThyssenKrupp faces notable risks primarily in the geopolitical and governance domains. The potential for changes in defense procurement policies could disrupt their business operations and revenue generation. Additionally, the uncertainty in securing defense contracts poses challenges to their strategic performance and financial stability. Collectively, these risks underscore the importance of proactive engagement with government stakeholders and a robust competitive strategy to mitigate potential impacts on market position and financial outcomes.","Risk summary for {'ThyssenKrupp'}

Environmental:
No environmental risks were identified in the provided annotations.

Geopolitical:
ThyssenKrupp faces risks associated with emerging regulations as it seeks to enter the Australian defense market. The changing priorities of the Australian government and evolving regulatory frameworks can impact the company's ability to navigate this new environment effectively, potentially hindering business operations.

Governance:
The company is exposed to strategic performance risks due to its history of failed bids in the Australian defense sector. Past unsuccessful attempts, particularly related to a now-cancelled submarine project, may diminish stakeholder confidence and complicate future procurement opportunities.

Social:
No social risks were identified in the provided annotations.

Overall assessment:
ThyssenKrupp is navigating a complex risk landscape characterized by geopolitical and governance challenges. The company must contend with competitive pressures from established shipbuilders and the uncertainties of entering a new regulatory environment in Australia. Additionally, its previous performance in defense contracts may adversely affect its reputation and future bidding success. Addressing these risks will be crucial for maintaining a competitive edge and ensuring sustainable growth in the defense market.",0.9183429479598999
289,"Risk summary for {'Posco'}

Environmental:
The company faces risks from climate change and extreme weather, specifically the increased frequency of severe weather events and the impact of Typhoon Hinnamnor. These conditions can lead to operational disruptions and environmental hazards, such as the release of byproduct gases, which not only affect safety but also pose compliance issues with environmental regulations.

Geopolitical:
No specific geopolitical risks were identified in the provided annotations. However, the broader context of international trade and regulations could still impact the company's operations indirectly.

Governance:
Governance risks are highlighted by process vulnerabilities, particularly in operational continuity during extreme weather events. The incident at the Pohang plant due to a power outage illustrates the potential for significant operational disruptions, emphasizing the need for robust risk management strategies to ensure compliance and operational resilience.

Social:
No specific social risks were identified in the provided annotations. However, the company's reputation may be affected by environmental incidents that arise from operational disruptions.

Overall assessment:
Posco is currently exposed to significant environmental risks, particularly from climate change and severe weather events, which can lead to operational disruptions and regulatory challenges. The company's governance framework must address these vulnerabilities to enhance operational resilience and ensure compliance with environmental standards. Strengthening risk management practices will be crucial for navigating these challenges and maintaining the company’s market position.","Risk summary for {'Posco'}

Environmental:  
The primary risk identified in this category is related to extreme weather events, specifically floods and typhoons. Such natural disasters can disrupt operations significantly, as evidenced by the recent typhoon that led to temporary business suspensions and operational challenges at POSCO's Pohang plant, including a gas release incident.

Geopolitical:  
No specific geopolitical risks were mentioned in the provided comments. However, the operational disruptions caused by natural disasters could indirectly relate to geopolitical stability, particularly in regions prone to such events.

Governance:  
Governance risks are highlighted by concerns around non-compliance with occupational health and safety standards. The gas release incident during the power outage at the Pohang plant poses potential hazards to employee safety, indicating a need for stronger compliance measures and emergency response protocols to protect workers.

Technology:  
The risk associated with critical infrastructure is evident through the power outage at the Pohang facility. This incident raises alarms about the reliability of essential systems, impacting plant safety, emissions management, and overall operational continuity.

Overall assessment:  
POSCO faces a multifaceted risk landscape characterized by environmental threats from extreme weather, governance concerns regarding compliance and worker safety, and technological vulnerabilities related to infrastructure reliability. These risks not only threaten operational stability but could also impact the company's reputation and financial performance if not effectively managed. Continuous monitoring and proactive risk mitigation strategies are essential to safeguard against these challenges.",0.9031563401222229
290,"Risk summary for {'Posco'}

Environmental:
No specific environmental risks were identified in the provided annotations. However, the company may face risks related to climate change and extreme weather events, which could impact operations and supply chains.

Geopolitical:
Posco is exposed to geopolitical risks, particularly from regional tensions, such as the potential for increased conflict with North Korea. Such instability can disrupt business operations and hinder international trade relations, posing a significant threat to the company's market position.

Governance:
Governance risks are evident in the form of process risks related to supply chain disruptions. The halting of operations at some mills due to storage issues highlights vulnerabilities in operational workflows, which can lead to inefficiencies and financial losses for Posco.

Social:
The company faces social risks, particularly from labor disputes. Ongoing strikes by truckers demanding adjustments to freight rates can disrupt logistics and supply chains, ultimately affecting Posco's ability to deliver products and maintain operational continuity.

Overall assessment:
Posco is navigating a complex risk landscape encompassing financial, geopolitical, governance, and social dimensions. Market volatility and commodity price fluctuations threaten financial performance, while regional tensions pose geopolitical challenges. Additionally, supply chain disruptions and labor disputes highlight operational vulnerabilities. Collectively, these risks necessitate strategic management to safeguard Posco's operational integrity and financial stability.","Risk summary for {'Posco'}

Environmental:
No environmental risks were identified in the provided annotations.

Geopolitical:
The geopolitical landscape presents several risks for POSCO, including logistics disruptions due to a week-long truckers' strike, which has significantly impacted production and delivery capabilities. Additionally, potential emerging regulations aimed at stabilizing the economy could alter POSCO's cost structure and competitiveness. The threat of nuclear conflict with North Korea poses a severe risk to business operations in South Korea, exacerbating the geopolitical instability.

Governance:
Governance risks are highlighted by supply management challenges stemming from troubled global supply chains and rising costs of imported commodities. These issues have led to operational halts at some mills, threatening production continuity and overall profitability. The company's strategic responses to these risks will be critical for maintaining operational efficiency.

Social:
Social risks are primarily related to labor disruptions, as evidenced by the actions of the Cargo Truckers Solidarity group, which has caused operational delays and financial losses for POSCO. The demands for adjustments to the national freight rate system indicate potential ongoing labor challenges that could affect productivity.

Overall assessment:
POSCO faces a complex risk landscape characterized by financial pressures from inflation, currency fluctuations, and global market volatility. Geopolitical tensions, particularly with North Korea, combined with domestic labor disruptions and regulatory uncertainties, further complicate the operational environment. The interplay of these risks necessitates a proactive approach to risk management to safeguard the company’s financial performance and operational integrity.",0.9212527871131897
293,"Risk summary for {'ArcelorMittal'}

Environmental:
No environmental risks were identified in the provided annotations.

Geopolitical:
No geopolitical risks were identified in the provided annotations.

Governance:
The governance risks primarily involve strategic performance issues, particularly related to the company's share buyback program. A significant shareholder's decision to abstain from this program may reflect concerns regarding the company's strategic direction and overall financial health, potentially undermining investor confidence and impacting stock prices.

Social:
No social risks were identified in the provided annotations.

Overall assessment:
ArcelorMittal faces notable financial risks, particularly surrounding its share buyback program, which could strain liquidity and flexibility in changing market conditions. The uncertainty of market conditions introduces additional risk to the successful completion of this program. Furthermore, the non-participation of a significant shareholder raises concerns about the company's strategic outlook and could negatively influence investor sentiment. Collectively, these factors highlight a need for careful monitoring of financial performance and stakeholder confidence.","Risk summary for {'ArcelorMittal'}

Environmental:
No environmental risks were identified in the provided comments.

Geopolitical:
No geopolitical risks were identified in the provided comments.

Governance:
The primary governance risk pertains to financial stability and market perception, particularly regarding the absence of a significant shareholder from the buyback program. This situation may indicate a lack of confidence in the company's financial health, potentially undermining investor sentiment and impacting stock prices. Concerns about cash flow management and the prioritization of shareholder returns could further diminish liquidity and investor confidence.

Social:
No social risks were identified in the provided comments.

Overall assessment:
ArcelorMittal faces notable governance risks primarily related to financial perception and market confidence. The withdrawal of a significant shareholder from the buyback initiative raises concerns about the company's financial stability and its ability to manage cash flow effectively. This could lead to decreased investor confidence and a potential decline in stock prices, highlighting the importance of maintaining transparent communication with investors to mitigate these risks.",0.9405931234359741
295,"Risk summary for {'ArcelorMittal'}

Environmental:  
ArcelorMittal faces risks related to climate change, specifically through its transition to Direct Reduced Iron-Electric Arc Furnace (DRI-EAF) steelmaking. This shift significantly lowers carbon emissions compared to traditional methods and serves as a proactive measure against evolving climate regulations and societal expectations for sustainable production.

Geopolitical:  
There are no specific geopolitical risks identified in the provided comments; however, the company’s operations may still be indirectly influenced by broader geopolitical factors affecting the steel industry.

Governance:  
The company is exposed to strategic performance risks associated with its investment in Electric Arc Furnace (EAF) technology. While this investment aims to improve production efficiency and align with future demand, it carries risks related to successful execution and operational integration.

Financial:  
ArcelorMittal benefits from a stable financial outlook due to its long-term offtake agreement with voestalpine, which ensures a consistent demand for its products. This agreement mitigates market volatility risks and contributes to the company's overall financial stability.

Overall assessment:  
ArcelorMittal's risk landscape is shaped by its commitment to sustainability through innovative production methods, which helps address environmental regulations and societal expectations. Financially, the company is positioned well with stable demand secured through long-term contracts. Governance risks related to technological investments remain a consideration, as successful implementation will be crucial for maintaining competitive advantage and operational efficiency. Overall, the company is navigating a complex risk environment with proactive strategies in place.","Risk summary for {'ArcelorMittal'}

Environmental:  
ArcelorMittal faces risks associated with its reliance on natural gas for the Direct Reduced Iron-Electric Arc Furnace (DRI-EAF) steelmaking process. While this method is environmentally favorable, any disruption in the natural gas supply—due to geopolitical tensions, supply chain issues, or policy changes—could significantly affect production, leading to operational delays and increased costs.

Geopolitical:  
The company is exposed to risks from emerging regulations in the EU and Austria, particularly concerning its long-term agreement with voestalpine. Changes in government policy or regulatory frameworks could impact operational capabilities and financial agreements, thereby influencing the overall business environment in which ArcelorMittal operates.

Governance:  
Operational risks arise from the commissioning of a new 1.5 million tonne Electric Arc Furnace (EAF), which is critical to fulfilling supply contracts. Any delays or complications in the commissioning process could lead to significant production and operational challenges, affecting the company's ability to meet its contractual obligations.

Social:  
There are no specific social risks identified in the provided annotations.

Overall assessment:  
ArcelorMittal's risk landscape is shaped by environmental dependencies on natural gas, geopolitical uncertainties surrounding regulatory changes, and governance challenges related to operational execution. The interplay of these factors highlights the importance of robust risk management strategies to mitigate potential disruptions in production and ensure compliance with evolving regulations. Addressing these risks proactively will be crucial for maintaining operational stability and safeguarding the company's market position.",0.9095636606216431
297,"Risk summary for {'NLMK'}

Environmental:
No specific environmental risks were identified in the provided annotations for NLMK.

Geopolitical:
NLMK faces significant geopolitical risks, particularly from its dependency on emerging markets due to sanctions affecting its traditional European trade routes. The reliance on countries like China and India raises concerns about political and economic stability, which may disrupt trade continuity. Additionally, the ongoing EU sanctions have imposed trade restrictions, limiting NLMK's market access and potentially affecting revenue generation.

Governance:
No specific governance risks were identified in the provided annotations for NLMK.

Social:
No specific social risks were identified in the provided annotations for NLMK.

Overall assessment:
NLMK is navigating a complex risk landscape primarily shaped by geopolitical factors. The company's shift towards emerging markets in response to sanctions has introduced vulnerabilities related to political and economic conditions in those regions. Furthermore, the strategy of price discounting to maintain competitiveness in these new markets could adversely impact profit margins and overall financial performance. This combination of risks necessitates careful monitoring and strategic adjustments to mitigate potential negative outcomes.","Risk summary for {'NLMK'}

Environmental:
Currently, there are no specific environmental risks identified in the provided comments.

Geopolitical:
The geopolitical landscape presents several significant risks for the company, primarily stemming from the ongoing military conflict with Ukraine and the resulting sanctions imposed by Europe. These sanctions are adversely affecting the Russian economy, leading to a predicted recession and reduced economic activity. Additionally, the emergence of new regulations as Russian metallurgical companies pivot to alternative markets, such as China, poses challenges in navigating changing trade environments.

Governance:
No governance-related risks were explicitly mentioned in the comments provided.

Social:
There are no specific social risks noted in the comments.

Overall assessment:
NLMK faces substantial geopolitical risks, notably due to the military conflict in Ukraine and the consequent European sanctions that threaten economic stability in Russia. These factors are likely to contribute to a recession, affecting overall market performance and operational viability. The shift towards alternative markets highlights the need for strategic adaptability in response to evolving regulations and trade dynamics. As such, monitoring these geopolitical developments will be crucial for mitigating potential financial impacts.",0.916339099407196
300,"Risk summary for {'NLMK'}

Environmental: 
NLMK faces significant risks related to climate change, particularly from the potential impact of the Carbon Border Adjustment Mechanism (CBAM) on Russian exporters. The anticipated costs associated with compliance and increased operational expenses could severely affect the company's competitiveness in the EU market.

Geopolitical: 
The introduction of greenhouse gas (GHG) emissions quotas and fees in Russia represents a regulatory risk for NLMK. This change may lead to increased operational costs if the company fails to manage its emissions within the set limits, impacting overall profitability and compliance.

Governance: 
NLMK is at risk of non-compliance with new environmental regulations, which could necessitate substantial investments in emissions reduction technologies. Failure to adhere to these regulations could result in penalties and further financial strain, complicating the company’s operational landscape.

Overall assessment: 
NLMK is navigating a complex risk environment characterized by environmental, geopolitical, and governance challenges. The interplay between regulatory changes, compliance requirements, and the financial implications of investments in emerging technologies like hydrogen and carbon capture and storage adds layers of uncertainty. These risks, if not effectively managed, could hinder the company's financial performance and market position, particularly in the context of evolving global standards and competition.","Risk summary for {'NLMK'}

Environmental:
Currently, there are no identified environmental risks affecting NLMK.

Geopolitical:
NLMK faces risks related to emerging regulations, particularly concerning Russia’s energy transition and carbon emission regulations. These regulatory changes could impact operational costs and compliance requirements, thereby affecting the company's market position and financial performance.

Governance:
There are no specific governance risks noted for NLMK at this time.

Social:
No social risks have been identified in the current context for NLMK.

Overall assessment:
NLMK is primarily exposed to geopolitical risks stemming from emerging regulations related to energy and carbon emissions in Russia. These regulations may necessitate adjustments in operational practices and could impose additional costs, which may influence the company's financial outlook and competitive standing. Currently, there are no significant environmental, governance, or social risks noted, indicating a focused risk landscape primarily influenced by regulatory changes.",0.8984349370002747
305,"Risk summary for {'Tata'}

Environmental:  
Tata Steel faces significant environmental risks related to its commitment to achieving net-neutral carbon emissions by 2045. This ambitious goal necessitates substantial investments in new technologies and processes, which could adversely affect financial performance if not managed properly. Additionally, failure to meet these targets may result in reputational damage and potential regulatory penalties.

Geopolitical:  
(No specific geopolitical risks were identified in the provided comments.)

Governance:  
The company's strategic focus on sustainability and enhancing manufacturing capabilities presents governance risks. Proper execution of these strategies is crucial to align with business objectives and market demands. Any misalignment or failure in execution could lead to financial losses and missed market opportunities.

Social:  
Tata Steel's emphasis on developing world-class human capital is essential for achieving its strategic objectives. While investing in a capable and diverse workforce is vital for maintaining competitive advantage, it introduces risks related to workforce management, training, and retention, which could impact operational efficiency and innovation.

Overall assessment:  
Tata Steel is navigating a complex risk landscape that includes environmental, governance, and social dimensions. The company's commitment to sustainability and human capital development is commendable but requires careful management to avoid financial repercussions and operational inefficiencies. As Tata Steel pursues its strategic objectives, it must remain vigilant to ensure alignment and effective execution across all risk areas.","Risk summary for {'Tata'}

Environmental:  
The article does not highlight any specific environmental risks for Tata Steel, particularly concerning climate change. While it acknowledges climate change as a significant issue, it emphasizes Tata's proactive strategies in addressing it, suggesting that there are currently no immediate threats or disruptions related to environmental factors.

Geopolitical:  
There are no geopolitical risks identified in the article. The tone remains positive and promotional, indicating that Tata Steel is not facing any political instability or regulatory challenges that could impact its operations.

Governance:  
No governance-related risks are mentioned in the article. The focus is on Tata's strategic initiatives, with no indication of compliance failures, litigation, or management performance issues that could pose a risk to the company.

Social:  
The article does not present any social risks. Instead, it reflects a strong brand image for Tata Steel without referencing any public perception issues or workforce-related challenges.

Overall assessment:  
The article presents an overwhelmingly positive outlook for Tata Steel, with no identified risks across environmental, geopolitical, governance, or social categories. The emphasis on proactive strategies indicates a strong position in managing potential challenges, particularly regarding climate change. Overall, the company's current risk landscape appears stable and favorable.",0.8881381750106812
310,"Risk summary for {'ThyssenKrupp'}

Environmental:
No environmental risks were identified in the provided annotations.

Geopolitical:
The geopolitical landscape presents significant risks for ThyssenKrupp, particularly related to market instability stemming from geopolitical tensions and the impact of government policies. The ongoing war in Ukraine and its effects on energy and food supplies could disrupt business operations and market opportunities in affected regions. Additionally, the company's potential interests in Russia may expose it to regulatory challenges and shifts in market dynamics due to international sanctions and isolation efforts.

Governance:
From a governance perspective, ThyssenKrupp faces strategic performance risks associated with its defense sector initiatives, such as selling submarines to India. While this represents a potential growth opportunity, it also entails challenges related to competition, regulatory approvals, and geopolitical factors, particularly given India's defense relationships with Russia.

Social:
No social risks were identified in the provided annotations.

Overall assessment:
ThyssenKrupp is navigating a complex risk environment characterized by geopolitical tensions and strategic governance challenges. The potential for altered trade dynamics may impact market access, while ongoing conflicts could create an unstable business landscape. As the company pursues strategic opportunities in the defense sector, it must remain vigilant of regulatory hurdles and competitive pressures arising from its international engagements.","Risk summary for {'ThyssenKrupp'}

**Environmental:**
No specific environmental risks were identified in the provided comments.

**Geopolitical:**
The primary risk identified relates to emerging regulations and international relations, particularly concerning ThyssenKrupp's entry into the Indian market for submarine sales. The company's operations may face challenges due to India's close ties with Russia, which could lead to diplomatic tensions and complicate business negotiations. This geopolitical landscape may hinder ThyssenKrupp's ability to successfully navigate the market and limit potential sales opportunities.

**Governance:**
No governance risks were highlighted in the comments provided.

**Social:**
No social risks were mentioned in the comments.

**Overall assessment:**
ThyssenKrupp faces significant geopolitical risks as it seeks to expand its business in India, particularly related to the complexities of international relations and emerging regulations. The potential for diplomatic tensions due to India's connections with Russia could negatively impact the company's military equipment sales and overall market strategy. While no environmental, governance, or social risks were noted, the geopolitical landscape remains a critical area for management attention as it directly influences ThyssenKrupp's operational viability in the region.",0.9057402014732361
317,"Risk summary for {'ArcelorMittal'}

Environmental:  
ArcelorMittal faces risks associated with the transition to green hydrogen, particularly in the context of climate change. This transition is strategic for reducing carbon emissions but involves substantial initial investments and technological hurdles that could affect operational costs and timelines.

Geopolitical:  
No specific geopolitical risks were noted in the provided comments. However, the company’s involvement in green hydrogen projects may be subject to regulatory and policy changes in Spain, which could impact its operational landscape.

Governance:  
The company is exposed to strategic performance risks related to its long-term investment in green hydrogen. The upfront costs associated with these projects necessitate careful planning to ensure that the anticipated long-term benefits justify the initial financial outlay, particularly during the transitional phase.

Social:  
No specific social risks were identified in the comments. However, the broader societal expectations for sustainable practices may influence public perception and demand for greener products, indirectly impacting the company.

Overall assessment:  
ArcelorMittal is navigating a complex risk landscape as it transitions to green hydrogen. Key risks include the financial implications of higher production costs and the need for significant technological advancements. Strategic governance will be crucial in managing these investments to ensure competitiveness and sustainability in the long term. The interplay of environmental, financial, and governance factors will require vigilant oversight to mitigate potential setbacks during this transformative period.","Risk summary for {'ArcelorMittal'}

Environmental:  
The commentary indicates a focus on collaboration related to green hydrogen production, suggesting an opportunity rather than a risk. There are no specific environmental risks identified that could adversely affect the company’s operations or sustainability initiatives.

Geopolitical:  
No geopolitical risks are mentioned, implying a stable political environment for ArcelorMittal's operations. The absence of references to political instability or regulatory challenges indicates that the company is not currently facing significant external pressures from this domain.

Governance:  
There are no governance-related risks highlighted in the comments, suggesting that ArcelorMittal is currently managing its compliance and strategic performance effectively. The lack of legal or regulatory concerns points to a well-functioning governance structure.

Social:  
The comments do not identify any social risks, indicating that there are no significant concerns related to workforce dynamics, brand perception, or societal trends affecting the company at this time.

Overall assessment:  
The analysis reveals a favorable risk landscape for ArcelorMittal, with no significant environmental, geopolitical, governance, or social risks currently identified. The focus on collaboration for green hydrogen production presents an opportunity for innovation and sustainability, rather than a threat. Overall, the company appears to be in a stable position, with no immediate risks that could impact its operational or financial performance.",0.8975674510002136
318,"Risk summary for {'ArcelorMittal'}

Environmental:
No specific environmental risks were identified in the provided annotations. However, the establishment of a new steel plant may pose potential environmental considerations that could arise during operations, such as emissions and resource management.

Geopolitical:
The primary geopolitical risk identified relates to the regulatory approval for a new steel plant in Odisha. This approval is a critical milestone for ArcelorMittal, as it enables the company to advance its investment plans and operational capabilities in the region, thus affecting its strategic positioning.

Governance:
In terms of governance, the risk associated with the company's investment and expansion strategy is noteworthy. The decision to invest in the new plant signifies a significant financial commitment and reflects ArcelorMittal's focus on growth. Successful execution of this strategy could positively influence the company's financial performance.

Social:
A notable social risk involves the creation of employment opportunities linked to the new steel plant project, which is expected to generate around 11,000 jobs. This development can enhance ArcelorMittal's reputation and foster a positive relationship with the local community, which is crucial for sustainable operations.

Overall assessment:
ArcelorMittal faces a multifaceted risk landscape characterized by geopolitical and governance challenges, primarily surrounding regulatory approvals and strategic investments. The company’s initiative to establish a new steel plant in Odisha presents both opportunities and risks that could significantly impact its operational success and reputation. The creation of jobs further emphasizes the social implications of this project, highlighting the importance of community engagement in the company's long-term strategy.","Risk summary for {'ArcelorMittal'}

Environmental:
ArcelorMittal faces risks related to compliance with environmental standards as it expands operations. The company's ability to adhere to regulations governing environmental impact is crucial, particularly as it scales up its manufacturing capabilities.

Geopolitical:
The company is exposed to risks associated with emerging regulations, particularly in the context of forming joint ventures with local entities in India. Navigating these regulatory frameworks is essential for successful operation, as non-compliance could hinder progress and lead to legal repercussions.

Governance:
Governance risks are present, primarily involving compliance with local laws and regulations as ArcelorMittal engages in new business ventures. Effective management and strategic oversight are necessary to mitigate potential issues arising from regulatory complexities.

Social:
While there are no specific social risks identified in the provided comment, the implications of labor laws and community engagement in new operational areas could pose risks to the company's brand perception and operational stability.

Overall assessment:
ArcelorMittal is currently navigating a complex landscape of environmental and geopolitical risks as it seeks to expand its operations in India. The company must ensure compliance with emerging regulations and environmental standards while managing governance challenges associated with new joint ventures. Effective risk management strategies will be essential to safeguard its operational integrity and market position in this evolving environment.",0.9033254981040955
320,"Risk summary for {'ArcelorMittal'}

Environmental:  
ArcelorMittal faces significant pressure to reduce carbon emissions due to its status as a major contributor to global CO2 emissions in the steel industry. This necessitates substantial investments and operational changes to meet regulatory and societal expectations regarding climate change.

Geopolitical:  
There are no specific geopolitical risks identified in the provided annotations, indicating that the company may currently be less affected by political instability or regulatory changes in this area.

Governance:  
The company’s business model is at risk due to potential competition from rivals that may not pursue similar decarbonization strategies. If competitors maintain lower costs while ArcelorMittal invests in emissions reductions, the company's market share and overall viability could be compromised.

Social:  
No social risks were highlighted in the annotations, suggesting that current concerns may not significantly impact public perception or workforce-related issues at this time.

Overall assessment:  
ArcelorMittal is navigating a complex risk landscape primarily characterized by environmental and governance challenges. The pressure to reduce emissions and the potential increase in production costs pose significant threats to profit margins and overall financial performance. Additionally, the viability of its business model could be jeopardized if competitors do not align with decarbonization efforts, potentially leading to a loss of market share and competitiveness in the industry.","Risk summary for {'ArcelorMittal'}

Environmental:  
The primary risk identified is related to commodity price fluctuations, particularly in the context of decarbonization efforts. As the costs associated with transitioning to greener steel production increase, the potential for steel prices to rise by 10% to 20% poses a significant risk. If consumers resist paying higher prices, this could lead to decreased profitability for the company, threatening its financial stability.

Geopolitical:  
There are no specific geopolitical risks mentioned in the annotations provided. However, the implications of market conditions and regulatory environments surrounding decarbonization could indirectly influence ArcelorMittal's operations and strategy on a global scale.

Governance:  
The governance risks center on the need for ArcelorMittal to restructure its business model in response to decarbonization demands. This transition may render current business practices unsustainable, necessitating a reevaluation of strategies to remain competitive in a changing market landscape.

Social:  
No social risks are explicitly identified in the annotations. However, the company must be mindful of public perception and consumer willingness to accept price increases resulting from sustainability initiatives.

Overall assessment:  
ArcelorMittal faces significant risks primarily stemming from financial pressures related to commodity price fluctuations and the imperative to adapt its business model to meet decarbonization goals. The interplay between rising costs and consumer acceptance will be critical for maintaining profitability. Additionally, the need for strategic governance to effectively navigate these challenges highlights the importance of proactive management in ensuring the company's long-term viability in a competitive and evolving market.",0.9065770506858826
323,"Risk summary for {'NLMK'}

Environmental:
No environmental risks are identified in the provided annotations. 

Geopolitical:
NLMK faces significant geopolitical risks, particularly related to the business environment and the impact of sanctions. The company's ability to engage in international trade is challenged by sanctions designed to isolate Russia from global markets, yet it has managed to maintain some market access through strategic partnerships. These geopolitical tensions could disrupt NLMK's operations and financial transactions.

Governance:
In terms of governance, NLMK's strategic performance is influenced by its approach to dividend payments, which have resumed and positively affected investor confidence. This resumption signals a stable outlook for the company, but ongoing geopolitical challenges could impact future strategic decisions and investor relations.

Social:
No social risks are identified in the provided annotations.

Overall assessment:
NLMK's risk landscape is shaped predominantly by geopolitical factors and governance issues. While the company benefits from a recovering economic outlook in Russia, it must navigate the complexities of sanctions and international market access. The resumption of dividend payments positively influences investor confidence, but ongoing geopolitical tensions pose risks to operational stability and long-term strategic performance.","Risk summary for {'NLMK'}

Environmental:
No environmental risks have been identified for NLMK, indicating a stable position concerning natural or environmental factors that could impact operations.

Geopolitical:
There are no geopolitical risks noted for NLMK, suggesting that the company is currently not facing challenges related to political instability, regulatory changes, or cross-border tensions that could affect its business environment.

Governance:
NLMK has no identified governance risks, reflecting a strong compliance and management framework that mitigates potential legal, strategic, or operational failures.

Social:
No social risks are reported for NLMK, indicating that the company is effectively managing its reputation and workforce-related issues, as well as responding to societal trends.

Overall assessment:
The absence of identified risks across all categories suggests that NLMK is in a strong position with effective risk management practices in place. This stability may enhance the company's ability to focus on growth and strategic initiatives without the immediate concern of external or internal threats. Continued monitoring and proactive measures will be essential to maintain this favorable risk landscape.",0.8898051977157593
